company_name,registered_office,exchange_code,principal_activities,board_members,executive_profiles,revenue,net_profit_or_loss,total_Debt,total_assets,cash_reserves,net_assets,earnings_per_share,dividend_per_share,largest_shareholder,the_highest_ownership_stake,major_equity_changes,major_events,bussiness_sales,bussiness_profit,bussiness_cost,business_segments_num,business_risks,remuneration_policy,auditor,id
Rectifier Technologies Ltd,"97 Highbury Road, Burwood, VIC 3125",RFT,Manufacturing||Technology,Ying Ming Wang|| Yanbin Wang || Valentino Vescovi || Nigel Machin,Yanbin Wang||Nigel Machin|| Nova Taylor,14761523.0,491955,8613673,22929553.0,7295534.0,9354707.0,0.0004,0.0,PUDU INVESTMENT (AUSTRALIA) PTY LTD,16.33,No,Major Contract||Leadership Change,14947185,739919,7352827,4.0,Market Risk||Credit Risk||Operational Risk,Mixed,Grant Thornton Audit Pty Ltd,1
Beazley plc,"22 Bishopsgate, London, EC2N 4BQ, United Kingdom",LSE,Finance,Christine LaSala || Clive Bannister || Adrian Cox || Sally Lake || Rajesh Agrawal || Pierre-Olivier Desaulle || Nicola Hodson || Fiona Muldoon || John Reizenstein || Cecilia Reyes Leuzinger || Robert Stuchbery,Adrian Cox||Sally Lake||Christine Oldridge||Paul Bantick||Beth Diamond||Bethany Greenwood||Lou Ann Layton||Richard Montminy||Bob Quane||Rachel Turk||Tim Turner||Pippa Vowles,3466600000.0,160800000,548000000,15099000000.0,652500000.0,2573500000.0,0.263,0.18,Fidelity Management & Research,9.1,Yes,Leadership Change|| Restructuring||Other,5268700000,230400000,3236200000,5.0,Market Risk||Credit Risk||Operational Risk||Legal/Compliance Risk||Environmental Risk||Strategic Risk,Mixed,Ernst & Young LLP,2
"Aurora Innovation, Inc.","1654 Smallman St., Pittsburgh, Pennsylvania 15222",NASDAQ,Technology||Transportation,Chris Urmson||Sterling Anderson||Brittany Bagley||Carl Eschenbach||Reid Hoffman||Claire Hughes Johnson||Dara Khosrowshahi||Michelangelo Volpi,Chris Urmson||Richard Tame,68000000.0,1723000000,217000000,2001000000.0,262000000.0,1784000000.0,1.51,0.0,Aurora Founders,49.1,Yes,Leadership Change||Other,68000000,1852000000,1920000000,3.0,Market Risk||Operational Risk||Legal/Compliance Risk||Environmental Risk||Strategic Risk,Mixed,KPMG LLP,3
NEW ZEALAND MEDIA AND ENTERTAINMENT,"2 Graham St, Auckland 1010, New Zealand",NZX||ASX,Media,Barbara Chapman||Carol Campbell||David Gibson||Sussan Turner||Guy Horrocks,Michael Boggs||Shayne Currie||Paul Hancox||Greg Hornblow||Carolyn Luey||David Mackrell||Katie Mills||Allison Whitney||Matthew Wilson||Jason Winstanley,355433000.0,22680000,168459000,306237000.0,5670000.0,137778000.0,0.1209,0.06,Citicorp Nominees Pty Limited,21.75,Yes,M&A||Leadership Change,365886000,64703000,334491000,3.0,Operational Risk||Legal/Compliance Risk||Market Risk||Strategic Risk,Mixed,PricewaterhouseCoopers,4
INMUNE BIO INC.,"225 NE Mizner Blvd, Suite 640, Boca Raton, FL 33432",NASDAQ,Healthcare,Raymond J. Tesi ||Timothy Schroeder||J. Kelly Ganjei||Scott Juda||Edgardo Baracchini||Marcia Allen,David J. Moss||Raymond J. Tesi||Mark Lowdell,374000.0,27299000,15000000,81795000.0,52153000.0,60104000.0,1.52,0.0,,,No,Other,374000,27299000,27673000,1.0,Market Risk||Credit Risk||Operational Risk||Legal/Compliance Risk||Strategic Risk,Mixed,Marcum LLP,5
"CSG Systems International, Inc.","169 Inverness Dr W, Suite 300, Englewood, Colorado 80112",NASDAQ,Technology||Telecommunications||Media||Retail||Healthcare||Finance,RONALD H. COOPER||BRIAN A. SHEPHERD||HAI TRAN||DAVID N. SCHAAF||RACHEL A. BARGER||DAVID G. BARNES||GREGORY A. CONLEY||MARWAN H. FAWAZ||RAJAN NAIK||FRANK V. SICA||HAIYAN SONG||SILVIO TAVARES||TSE LI YANG,Brian A. Shepherd||Hal Tran||Kenneth M. Kennedy||Elizabeth A. Bauer||Rasmani Bhattacharya||Chad C. Dunavant||David N. Schaaf,1089752000.0,44060000,993304000,1348553000.0,150365000.0,355249000.0,1.42,1.06,,,No,M&A||Major Contract||Restructuring,1089752000,78747000,565168000,1.0,Market Risk||Credit Risk||Operational Risk||Legal/Compliance Risk,Mixed,KPMG LLP,6
Trinity Place Holdings Inc.,"340 Madison Avenue, Suite 3C, New York, New York, 10173",NYSE,Real Estate,Alexander Matina||Jeffrey Citrin||Alan Cohen||Joanne Minieri||Keith Pattiz||Matthew Messinger,Matthew Messinger||Steven Kahn||Richard Pyontek,42984000.0,20690000,258804000,306927000.0,22055000.0,27341000.0,0.56,0.0,,,No,M&A||Litigation||Restructuring,42984000,,51596000,1.0,Market Risk||Credit Risk||Operational Risk||Legal/Compliance Risk||Environmental Risk||Strategic Risk,Mixed,"BDO USA, LLP",7
Suncorp Group Limited,"Level 23 Heritage Lanes 80 Ann Street Brisbane, Qld 4000",ASX,Finance||Technology||Insurance,Christine McLoughlin||Sylvia Falzon||Elmer Funke Kupper||Ian Hammond||Sally Herman||Simon Machell||Douglas McTaggart||Lindsay Tanner||Duncan West||Steve Johnston,Steve Johnston||Christine McLoughlin,9250000000.0,681000000,21325000000,106000000000.0,38000000.0,6460000000.0,0.54,0.4,HSBC Custody Nominees (Australia) Limited,30.36,Yes,M&A||Restructuring||Leadership Change,10872000000,1102000000,10978000000,5.0,Market Risk||Credit Risk||Operational Risk||Legal/Compliance Risk||Environmental Risk||Strategic Risk ,Mixed,KPMG,8
Poste Italiane S.p.A.,"Viale Europa, 190, 00144 Rome, Italy",MTA,Finance||Technology||Retail||Energy,Silvia Maria Rovere||Matteo Del Fante||Carlo D'Asaro Biondo||Valentina Gemignani||Paolo Marchioni||Matteo Petrella||Armando Ponzini||Vincenza Patrizia Rutigliano||Vanda Ternau,Matteo Del Fante||Maria Bianca Farina,13730962770.0,1745099230,119701564920,302160000000.0,5755016190.0,10321609410.0,1.34,0.75,Cassa Depositi e Prestiti SpA,35.0,Yes,M&A,13732117700,2644789700,11085018140,4.0,Market Risk||Credit Risk||Operational Risk||Legal/Compliance Risk||Environmental Risk||Strategic Risk,Mixed,Deloitte & Touche S.p.A.,9
"Guaranty Bancshares, Inc.","8343 Douglas Avenue, Suite 400, Dallas, Texas 75225",GNTY,Finance,Cappy Payne|| im Bunch||Jeff Brown||Kirk Lee||Chris Elliott||Ty Abston||Mike Nolan||Sondra Cunningham||Brad Drake||Ricky Baker||Carl Johnson Jr.||Josh Bray,Ty Abston||Cappy Payne||Sondra Cunningham||Brad Drake||Jim Bunch||Kirk Lee||Jeff Brown||Ricky Baker,107829000.0,40423000,,3351495000.0,2681154000.0,295558000.0,3.38,0.88,,,No,Other,131314000,40423000,82057000,4.0,Market Risk||Credit Risk||Operational Risk||Strategic Risk,Not Disclosed,Whitley Penn,10
Incitec Pivot Limited,"Level 8, 28 Freshwater Place, Southbank Victoria 3006, Australia",IPL,Mining||Agriculture||Manufacturing||Energy||Technology,Brian Kruger||Jeanne Johns||Bruce Brook||Xiaoling Liu||George Biltz||Gregory Robinson||Tonianne Dwyer,Jeanne Johns||Paul Victor||Greg Hayne||Braden Lusk||Stephenie De Nichilo||Sunil Salhotra||Rob Mill||Robert Rounsley||Margot Sharapova,6315300000.0,1027000000,1778600000,9378600000.0,763500000.0,763500000.0,0.52,0.17,HSBC Custody Nominees (Australia) Limited,34.57,No,M&A||Other,6381100000,1535500000,4972300000,3.0,Market Risk||Credit Risk||Operational Risk||Legal/Compliance Risk||Environmental Risk||Strategic Risk,Mixed,Deloitte Touche Tohmatsu,11
Toshiba Corporation,"1-1, Shibaura 1-chome, Minato-ku, Tokyo, Japan",TSE,Manufacturing||Technology||Energy||Retail||Other,Taro SHIMADA||Goro YANASE||Akihiro WATANABE||Paul J. BROUGH||Ayako Hirota WEISSMAN||Jerome Thomas BLACK||George Raymond ZAGE III||Katsunori HASHIMOTO||Mikio MOCHIZUKI||Ayumi UZAWA||Eijiro IMAI||Nabeel BHANJI,,25003000000.0,1460000000,9070000000,29750000000.0,1880000000.0,9070000000.0,3.34,1.65,"The Master Trust Bank of Japan, Ltd.",11.6,No,M&A||Leadership Change||Restructuring,2236000000,106463000,2129327000,7.0,Market Risk||Operational Risk||Legal/Compliance Risk||Strategic Risk,Mixed,KPMG AZSA LLC,12
Swiss Water Decaffeinated Coffee Inc.,"7750 Beedie Way, Delta, British Columbia, V4G 0A5, Canada",SWP,Manufacturing||Agriculture||Other,Alan Wallace ||Frank Dennis,Taro Shimada||Akihiro Watanabe,176935000.0,2387000,164133000,219039000.0,37809000.0,54906000.0,,,Mill Road Capital LLC,6.6,No,Leadership Change,176940000,2387000,150800000,1.0,Market Risk||Operational Risk||Environmental Risk,Mixed,PricewaterhouseCoopers LLP,13
"Kiniksa Pharmaceuticals, Ltd.","Clarendon House, 2 Church Street, Hamilton HM11, Bermuda",KNSA,Healthcare,Sanj K. Patel|| Mark Ragosa|| Michael R. Megna|| Felix J. Baker|| Stephen R. Biggar|| G. Bradley Cole|| Richard S. Levy|| Thomas R. Malley|| Tracey L. McCain|| Kimberly J. Popovits|| Barry D. Quart,Sanj K. Patel|| Mark Ragosa,220180000.0,183363000,63523000,459672000.0,122715000.0,396149000.0,2.64,,,30.0,No,M&A,122500000,183400000,210400000,1.0,Market Risk||Operational Risk||Legal/Compliance Risk||Strategic Risk,Mixed,PricewaterhouseCoopers LLP,14
NuCana plc,"77/78 Cannon Street, London EC4N 6AF, United Kingdom",NASDAQ,Healthcare,Hugh Griffith||Andrew Kay||Martin Mellish||Adam George||Cyrille Leperlier||Elliott Levy||Bali Muralidhar,Hugh Griffith||Donald Munoz||Jeffrey Bloss||David Harrison,0.0,-43452817,,79065000.0,56873000.0,52248000.0,-0.828,,Entities affiliated with Sofinnova Investments,15.3,No,Leadership Change,,,59298000,1.0,Market Risk||Credit Risk||Operational Risk,Mixed,Ernst & Young LLP,15
Westwater Resources Inc.,"6950 S. Potomac Street, Suite 300, Centennial, CO 80112",NYSE,Mining||Energy,Frank Bakker||Terence J. Cryan||Tracy D. Pagliara||Karli S. Anderson||Deborah A. Peacock,Frank Bakker||Steven M. Cates||John W. Lawrence,,-11121000,,168408000.0,75196000.0,141968000.0,-0.25,0.0,Not Disclosed,,Yes,Leadership Change||Major Contract,,,12125000,1.0,Market Risk||Credit Risk||Operational Risk,Mixed,Moss Adams LLP,16
Brave Bison Group plc,"The Varnish Works, 3 Bravingtons Walk, London N1 9AJ",AIM,Media||Technology,Oliver Green||Theodore Green||Matthew Law||Gordon Brough,Oliver Green||Theodore Green||Philippa Norridge,42963764.0,2823562,951413,27962361.0,8800000.0,13602000.0,0.0026,0.0,Oliver Green & Theodore Green (Greenspan Investments Ltd),22.34,No,M&A||Leadership Change,42963764,1983800,19956000,2.0,Market Risk||Credit Risk||Operational Risk,Mixed,Moore Kingston Smith LLP,17
Playtech plc,"Ground Floor, St George  s Court, Upper Church Street, Douglas, Isle of Man IM1 1EE",LSE,Technology||Media,Brian Mattingley||Mor Weizer||Chris McGinnis||Ian Penrose||Anna Massion||John Krumins||Linda Marston Weston||Samy Reeb,Mor Weizer||Chris McGinnis,1850197860.0,101356000,632890000,3491312000.0,492579000.0,1964298000.0,0.337,0.0,Gopher Investments,4.97,Yes,,1850197860,122600000,1403000000,2.0,Market Risk||Credit Risk||Operational Risk,Mixed,BDO LLP,18
"RumbleOn, Inc.","901 W Walnut Hill Lane, Irving, TX 75038",NASDAQ,Retail||Technology,Steven Pully||Mark Tkach||Marshall Chesrown||Adam Alexander||Melvin Flanigan||Shin Lee||Michael Marchlik||Rebecca Polak||Kevin Westfall,Mark Tkach||Blake Lawson||Michael Francis,1793368000.0,"261,513,000",635247000,1027210000.0,48579000.0,206015000.0,16.48,0.0,William Coulter,16.01,Yes,,1793368000,"180,565,000",1403000000,3.0,Market Risk||Credit Risk||Operational Risk,Mixed,Grant Thornton LLP,19
"Syndax Pharmaceuticals, Inc.","35 Gatehouse Drive, Building D Floor 3, Waltham, MA 02451",NASDAQ,Biopharmaceuticals||Technology,Michael A. Metzger||Dennis G. Podlesak||Martin H. Huber||Jennifer Jarrett||Keith A. Katkin||Pierre Legault||William Meury||Briggs W. Morrison,Michael A. Metzger||Keith Goldan||Briggs W. Morrison,,"149,338,000",,497236000.0,74356000.0,467449000.0,2.46,0.0,Not Disclosed,0.0,Yes,,0,"151,757,000",151757000,1.0,Market Risk||Credit Risk||Operational Risk,Mixed,Deloitte & Touche LLP,20
MGM Resorts International,"3799 Las Vegas Boulevard South, Las Vegas, Nevada 89109",NYSE,Other||Real Estate||Media,,Bill Hornbuckle||Jonathan Halkyard||Corey Sanders,13128000000.0,1467000000,23690000000,45869000000.0,2418000000.0,10192000000.0,3.4,0.0,,,Yes,M&A||Restructuring,10676000000,1925000000,8751000000,3.0,Market Risk||Operational Risk||Legal/Compliance Risk,Mixed,Deloitte & Touche LLP,21
AA Limited,"Fanum House, Basing View, Basingstoke, Hampshire, RG21 4EA, England",LSE,Finance||Transportation,Rick Haythornthwaite||Jakob Pfaudler||James O'Gara||Gordon Holmes||Adarsh Sarma||Joseph Knoll||Simon Breakwell||Jakob Pfaudler||Kory Sorenson,Rick Haythornthwaite||Jakob Pfaudler||James O'Gara||Gordon Holmes||Adarsh Sarma||Joseph Knoll||Simon Breakwell||Jakob Pfaudler||Kory Sorenson,989000000.0,-27000000,3031000000,2045000000.0,112000000.0,-986000000.0,,,Basing Bidco Limited ,,Yes,M&A,,,,2.0,Market Risk||Operational Risk||Other,Stock Option||Performance-based,PricewaterhouseCoopers LLP,22
Benjamin Hornigold Ltd,v,ASX,Finance,Michael Glennon||Sulieman Ravell||Gary Miller,Michael Glennon||Sulieman Ravell||Gary Miller,-171254.0,-1239019,395062,7710615.0,1334877.0,7315553.0,0.0513,0.0,JP Morgan Nominees Australis PTY Limited,21.19,No,,-171254,-1239019,1067765,1.0,Credit Risk||Market Risk,Mixed,Pitcher Partners,23
"BCB Bancorp, Inc.","104-110 Avenue C, Bayonne, New Jersey 07002",NASDAQ,Finance,Robert Ballance||Judith Q. Bielan||James E. Collins||Vincent DiDomenico||Joseph Lyga||John Pulomena||James Rizzo||Spencer B. Robbins,Thomas Coughlin||Jawad Chaudhry,118615000.0,45579000,3254939000,3546193000.0,11520000.0,291254.0,2.64,0.0,,,No,M&A,118615000,45579000,55505000,1.0,Market Risk||Operational Risk||Credit Risk||Strategic Risk,Mixed,"Wolf & Company, P.C.",24
Kelly Partners Group Holdings Limited,"Level 8, 32 Walker Street, North Sydney, NSW 2060",ASX,Finance,Brett Kelly||Stephen Rouvray||Ryan Macnamee||Lawrence Cunningham||Paul Kuchta||Ada Poon,Brett Kelly||Stephen Rouvray||Ryan Macnamee||Lawrence Cunningham||Paul Kuchta||Ada Poon,67435877.0,13328745,72689792,106642496.0,2968829.0,33952704.0,0.1236,0.0585,Kelly Investments 1 PTY Ltd,50.05,No,M&A,67435877,13328745,51014567,2.0,Credit Risk||Market Risk,Mixed,William Buck Accountants & Advisors,25
Nordic American Tankers Limited,"Swan Building, 26 Victoria Street, Hamilton HM 12, Bermuda",NYSE,Transportation,Herbj rn Hansson||Jim Kelly||Jenny Chu||Alexander Hansson||Bj rn Giaever,Herbj rn Hansson||Bj rn Giaever,339340000.0,15101000,339901000,879883000.0,59583000.0,539982000.0,0.07,0.0,Hansson family,3.02,No,,339340000,41867000,297473000,1.0,Credit Risk||Market Risk||Legal/Compliance Risk||Environmental Risk||Operational Risk,Mixed||Stock Option,KPMG AS,26
Franklin Covey Co.,"2200 West Parkway Boulevard, Salt Lake City, Utah 84119-2331",NYSE,Other,Anne H. Chow||Craig Cuffie||Donald J. McNamara||Joel C. Peterson||Nancy Phillips||Derek C.M. van Bever||Robert A. Whitman||,Paul S. Walker||Stephen D. Young||Robert A. Whitman||M. Sean Covey||Jennifer C. Colosimo,262841000.0,18430000,176341000,259155000.0,60517000.0,82814000.0,1.3,0.0,Robert A. Whitman,7.6,No,M&A,262841000,23674000,239167,3.0,Market Risk||Strategic Risk||Other,Mixed||Performance-based||Stock Option,Deloitte & Touche LLP,27
Integra LifeSciences Holdings Corporation,,NASDAQ,Healthcare||Manufacturing||Technology,Jan De Witte||Jeffrey A. Mosebrook||Stuart M. Essig||Keith Bradley||Shaundra Clay||Barbara B. Hill||Renee Lo||Donald E. Morel||Raymond G. Murphy||Christian S. Schade,Jan De Witte||Jeffrey A. Mosebrook,1557666000.0,180550000,2085355000,3889758000.0,456661000.0,1804403000.0,2.18,0.0,,,No,M&A,1557666000,238920000,1318746000,2.0,Market Risk||Operational Risk||Credit Risk||Strategic Risk,Mixed||Stock Option,PricewaterhouseCoopers LLP,28
Mosaic Brands Limited,"Ground Floor, 61 Dunning Avenue Rosebery NSW 2018",MOZ,Retail,David Wilshire||Jacqueline Frank,Richard Facioni||Scott Evans,433755700.0,-8019200,40551000,239726000.0,29934100.0,-59350900.0,-0.07791,0.0,Alceon Group Pty Limited,32.24,Yes,M&A,399953400,-11268600,210064400,,Market Risk||Credit Risk,Mixed,BDO Audit Pty Ltd,29
Albany International Corp.,"216 Airport Drive, Rochester, New Hampshire 03867",NYSE,Manufacturing||Technology,,William Higgins||Stephen M. Nolan||Daniel A. Halftermeyer||Greg Harwell||Alice McCarvill||Joseph M. Gaug||Robert A. Hansen||Elisabeth Indriani,1034887000.0,95800000,439000000,1642255000.0,291776000.0,867543000.0,3.06,0.88,,,Yes,Restructuring||Litigation||Major Contract||Other,1034887000,237793000,853759000,2.0,Market Risk||Operational Risk||Strategic Risk||Legal/Compliance Risk,Mixed,KPMG LLP,30
EPI (Holdings) Limited,"Clarendon House, 2 Church Street, Hamilton HM11, Bermuda",689||HKSE,Energy||Finance,"Sue Ka Lok||Yiu Chun Kong||Chan Shui Yuen||Pun Chi Ping||Leung Pik Har, Christine||Kwong Tin Lap",Sue Ka Lok||Yiu Chun Kong||Chan Shui Yuen,5747505.0,-5961135,7316040,55271348.0,11555970.0,47991908.0,-0.001135,0.0,"Mr. Suen Cho Hung, Paul||Premier United Group Limited||Billion Expo International Limited",16.45,No,M&A,5747546,-2613138,1894971,4.0,Market Risk||Credit Risk||Operational Risk||Environmental Risk,Not Disclosed,Moore Stephens CPA Limited,31
Starvest plc,"Salisbury House, London Wall, London, EC2M 5PS",SVE,Finance,Callum N Baxter||Mark J Badros||Gemma Cryan,Mark J Badros||Gemma Cryan,66785.0,-7337195,0,8299629.0,507633.0,8247409.0,-0.1261,0.0,WB Nominees Limited,21.78,No,Other,,,305944,1.0,Market Risk||Credit Risk||Operational Risk||Strategic Risk,Fixed,PKF Littlejohn LLP,32
Emera Incorporated,"P.O. Box 910 Halifax, Nova Scotia  B3J 2W5",TSX,Energy||Utilities||Transportation,Jackie Sheppard||Scott Balfour||James Bertram||Henry Demone||Paula Gold-Williams||Kent Harvey||Lynn Loewen||Ian Robertson||Andrea Rosen||Richard Sergel||Karen Sheriff||Jochen Tilk,Scott Balfour||Mike Barrett||Greg Blunden||Archie Collins||Peter Gregg||Karen Hutt||Bruce Marchand||Dan Muldoon||Michael Roberts||Judy Steele||Helen Wesley||Ryan Shell,7588000000.0,945000000,16318000000,39742000000.0,310000000.0,11441000000.0,3.56,2.68,,,Yes,Litigation||Leadership Change||Major Contract,7170000,1080000000,5959000000,5.0,Market Risk||Credit Risk||Operational Risk||Legal/Compliance Risk||Environmental Risk||Strategic Risk,Stock Option||Performance-based,Ernst & Young LLP,33
"Bionano Genomics, Inc.","9540 Towne Centre Drive, Suite 100, San Diego, CA 92121",BNGO,Technology||Healthcare,David L. Barker||Albert A. Luderer||Yvonne Linney||Aleksandar Rajkovic||Christopher Twomey||Kristiina Vuori||Vincent Wong,R. Erik Holmlin||Christopher Stewart,27802000.0,-132596000,0,307502000.0,5091000.0,249398000.0,0.46,0.0,,,Yes,M&A,270802000,,21857000,1.0,Market Risk||Operational Risk||Strategic Risk||Legal/Compliance Risk,Stock Option,"BDO USA, LLP",34
NextNav Inc.,"1775 Tysons Blvd., 5th Floor, McLean, VA 22102",NN||NNAWW,Technology,"7 (Ganesh Pattabiraman, Gary M. Parsons, Peter D. Aquino, Neil S. Subin, Bandel L. Carano, James B. Fleming, Alan B. Howe)",4 (Ganesh Pattabiraman|| Christian D. Gates|| Sammaad R. Shams|| Gary M. Parsons),3926000.0,40116000,,123788000.0,55446000.0,100017000.0,-0.4,0.0,,,Yes,M&A,3499000,,,1.0,Market Risk||Operational Risk||Legal/Compliance Risk||Strategic Risk,Mixed,Ernst & Young LLP,35
"ARCA biopharma, Inc.","10170 Church Ranch Way, Suite 100, Westminster, CO 80021",NASDAQ,Healthcare,Dr. Michael R. Bristow||Thomas A. Keuer||Christopher D. Ozeroff||C. Jeffrey Dekker||Dr. Linda Grais||Dr. Raymond L. Woosley||Mr. Robert E. Conway||Mr. Dan J. Mitchell||Dr. Anders Hove||Mr. Jacob Ma-Weaver||Mr. James Flynn,Michael R. Bristow||Thomas A. Keuer||Christopher D. Ozeroff||C. Jeffrey Dekker,,-9926000,,43085000.0,42445000.0,41673000.0,-0.69,0.0,"Funicular Funds, LP",27.8,No,Restructuring||Leadership Change,,,"Research and development: $4,749,000; General and administrative: $5,847,000",1.0,Market Risk||Operational Risk||Legal/Compliance Risk||Strategic Risk||Other,Mixed,KPMG LLP,36
Arcadia Minerals Limited,"Suite 7, 63 Shepperton Road, Victoria Park WA 6100",ASX,Mining,Jurie Hendrik Wessels||Philip Le Roux||Johan Le Roux||Michael Davy|| Andrew La,Jurie Hendrik Wessels||Philip Le Roux,9071.0,-1692533,0,8995734.0,1844342.0,8927336.0,-0.0159,0.0,SPH Kundalila (Pty) Ltd,19.08,Yes,Other,9071,-1692533,0,2.0,Market Risk||Credit Risk||Operational Risk,Performance-based||Stock Option,RSM Australia Pty Ltd,37
Elixir Energy Limited,"3B, Level 3, 60 Hindmarsh Square, Adelaide 5000, South Australia",ASX,Energy,Richard Cottee||Neil Young||Stephen Kelemen||Anna Sloboda,Neil Young||Victoria Allinson,38926.0,-1981676,66506,44125647.0,22679219.0,42093275.0,-0.22,0.0,BNP PARIBAS NOMINEES PTY LTD <IB AU NOMS RETAILCLIENT DRP>,3.35,Yes,M&A,38926,1981676,2443658,3.0,Market Risk||Credit Risk||Operational Risk||Environmental Risk,Mixed,BDO Audit Pty Ltd,38
"Rapid7, Inc.","120 Causeway St #400, Boston, MA 02114",NASDAQ,Technology,Corey Thomas||Michael Berry||Marc Brown||Judy Bruner||Ben Holzman||Christina Kosmowski||Ben Nye||Tom Schodorf||Reeny Sondhi||Tas Giakouminakis,Corey Thomas||Tim Adams||Andrew Burton||Tas Giakouminakis||Christina Lucon,685083000.0,-124717000,815948000,1358991000.0,207287000.0,-120074000.0,-2.13,,,,Yes,M&A||Litigation,689371000,470734000,214349000,1.0,Market Risk||Credit Risk||Operational Risk||Legal/Compliance Risk||Strategic Risk,Performance-based||Stock Option,KPMG LLP,39
"1-800-FLOWERS.COM, Inc.","Two Jericho Plaza, Suite 200, Jericho, NY 11753",NASDAQ,Retail,James F. McCann||Christopher G. McCann||Celia R. Brown||James A. Cannavino||Dina M. Colombo||Eugene F. DeMark||Leonard J. Elmore||Adam Hanft||Stephanie Redish Hofmann||Katherine Oliver||Larry Zarin,Christopher G. McCann||Thomas G. Hartnett||William E. Shea||Michael R. Manley||Arnold P. Leap||Steve Roberts||Jason John||Joseph Rowland||Faeth Bradley||Dinesh Popat||Andrew Deren||Abhay Patel,2207885000.0,29610000,162497000,1094891000.0,31465000.0,509409000.0,0.46,,,,Yes,M&A||Litigation,2211605000,91179000,2165784000,3.0,Market Risk||Operational Risk||Legal/Compliance Risk||Strategic Risk||Other,Mixed,"BDO USA, LLP",40
"WEIS MARKETS, INC.","1000 S. Second Street, P. O. Box 471, Sunbury, Pennsylvania 17801-0471",NYSE,Retail,Jonathan H. Weis||Dennis G. Hatchell||Edward J. Lauth III||Gerrald B. Silverman,,4695943000.0,125196000,,1959150000.0,157997000.0,1301834000.0,4.65,1.3,Weis family,65.0,No,Other,4695943000,125196000,4538891000,1.0,Market Risk||Operational Risk||Legal/Compliance Risk||Strategic Risk||Other,Not Disclosed,RSM US LLP,41
"NeoGenomics, Inc.","9490 NeoGenomics Way, Fort Myers, FL 33912",NASDAQ,Healthcare,Christopher M. Smith||Lynn A. Tetrault||Bruce K. Crowther||Dr. Alison L. Hannah||Stephen M. Kanovsky||Michael A. Kelly||David B. Perez||Rachel A. Stahler,Christopher M. Smith||Jeffrey S. Sherman||Cynthia J. Dieter,509728000.0,-144250000,535392000,1740034000.0,263180000.0,998023000.0,-1.16,0.0,,,Yes,M&A||Litigation||Leadership Change||Restructuring,"Clinical Services: $418,754,000; Pharma Services: $90,974,000",509728000,321832000,2.0,Market Risk||Credit Risk||Operational Risk||Legal/Compliance Risk||Strategic Risk,Mixed,Deloitte & Touche LLP,42
Downer EDI Limited,"Downer EDI Limited, Level 2, Triniti III, Triniti Business Campus, 39 Delhi Road, North Ryde NSW 2113",ASX,Transportation || Utilities || Telecommunications || Energy || Healthcare,Mark Peter Chellew || Grant Anthony Fenn || Mark James Binns || Teresa Gayle Handicott || Nicole Maree Hollows || Adelle Maree Howse || Mark John Menhinnitt || Peter Lawrence Watson,Grant A. Fenn || Michael J. Ferguson || Peter J. Tompkins,7129223640.0,98611520,883416492,4840398360.0,479109260.0,1838585840.0,0.138,0.156,HSBC CUSTODY NOMINEES (AUSTRALIA) LIMITED,35.8,Yes,Restructuring||Other,6961973312,318930416,6732377148,3.0,Market Risk||Credit Risk||Operational Risk||Legal/Compliance Risk||Environmental Risk||Strategic Risk||Other,Mixed,KPMG,43
Aptiv PLC,"5 Hanover Quay, Grand Canal Dock, Dublin, D02 VY79, Ireland",NYSE,Technology||Manufacturing,Kevin P. Clark||Paul M. Meister||Richard L. Clemmer||Nancy E. Cooper||Joseph L. (Jay) Hooley||Merit E. Janow||Sean O. Mahoney||Robert K. (Kelly) Ortberg||Colin J. Parris||Ana G. Pinczuk ,Kevin P. Clark||Joseph R. Massaro||Allan J. Brazier||Matthew Cole||Glen W. De Vos||Obed D. Louissaint||Benjamin Lyon||William T. Presley||Katherine H. Ramundo||Sophia Velastegui,17489000000.0,590000000,6491000000,21884000000.0,1531000000.0,8998000000.0,1.96,0.0,,,No,M&A||Restructuring||Litigation,17530000000,1583000000,16226000000,2.0,Market Risk||Credit Risk||Operational Risk||Legal/Compliance Risk||Environmental Risk||Strategic Risk,Mixed,Ernst & Young LLP,44
"Celldex Therapeutics, Inc.","Perryville III Building, 53 Frontage Road, Suite 220, Hampton, New Jersey 08827",NASDAQ,Healthcare||Manufacturing,"Karen L. Shoos||Keith L. Brownlie||Cheryl L. Cohen||Herbert J. Conrad||Rita I. Jain||James J. Marino||Garry A. Neil||Harry H. Penner, Jr.",Anthony S. Marucci||Sam Martin,0.0,-112300000,0,,29429000.0,,,,,,No,M&A,,-112300000,,,Market Risk||Strategic Risk||Operational Risk,Mixed,PricewaterhouseCoopers LLP,45
"Bridgewater Bancshares, Inc.","4450 Excelsior Boulevard, Suite 100 St. Louis Park, Minnesota 55416",NASDAQ,Finance,Jerry Baack,Jerry Baack|| Mary Jayne Crocker,136030000.0,53392000,462905000,4345662000.0,87043000.0,394064000.0,1.72,0.0,,,No,Other,136030000,37713000,98317000,1.0,Market Risk||Credit Risk||Operational Risk||Legal/Compliance Risk||Strategic Risk,Performance-based|| Stock Option|| Mixed,CliftonLarsonAllen LLP,46
DiaMedica Therapeutics Inc.,"301 Carlson Parkway, Suite 210, Minneapolis, Minnesota 55305",NASDAQ,Healthcare,Michael Giuffre||Tanya Lewis||James Parsons||Rick Pauls||Richard Pilnik||Charles Semba,Rick Pauls,0.0,-13676000,,,4728000.0,31827000.0,,0.0,TomEnterprise AB,,No,Other,0,0,0,1.0,Market Risk||Strategic Risk||Legal/Compliance Risk,Performance-based||Stock Option,,47
Microsoft Corporation,"One Microsoft Way, Redmond, Washington 98052-6399",NASDAQ,Technology,Satya Nadella||Reid G. Hoffman||Hugh F. Johnston||Teri L. List||Sandra E. Peterson||Penny S. Pritzker||Carlos A. Rodriguez||Charles W. Scharf||John W. Stanton||John W. Thompson||Emma N. Walmsley||Padmasree Warrior,Satya Nadella||Judson Althoff||Christopher C. Capossela||Kathleen T. Hogan||Amy E. Hood||Bradford L. Smith||Christopher D. Young,198270000000.0,72738000000,47032000000,364840000000.0,13931000000.0,166542000000.0,9.65,2.48,,,No,M&A||Litigation,"198,270,000,000",83383000000,62650000000,3.0,Market Risk||Credit Risk||Operational Risk||Legal/Compliance Risk||Strategic Risk,Performance-based||Stock Option||Mixed,Deloitte & Touche LLP,48
James Halstead plc,"Beechfield, Hollinhurst Road, Radcliffe, Manchester, M26 1JN",AIM,Manufacturing||Retail,J A Wild||M Halstead||G R Oliver||S D Hall||M J Halstead||R P Whiting,M Halstead||G R Oliver||D N Fletcher,396056939.0,54725493,8025357,365951672.0,70759929.0,235112839.0,0.1316,0.1058,Rulegale Nominees,17.7,Yes,Other,396056939,70914629,242029519,1.0,Market Risk||Credit Risk||Operational Risk||Legal/Compliance Risk ||Environmental Risk||Strategic Risk,Mixed,BDO LLP,49
Infinera Corporation,"6373 San Ignacio Avenue, San Jose, California 95119",NASDAQ,Technology||Manufacturing,"Roop K. Lakkaraju||Amy H. Rice||George A. Riedel||David W. Heard||Paul J. Milbury||David F. Welch, Ph.D.||Christine B. Bucklin||Gregory P. Dougherty||Sharon E. Holt",David W. Heard||Nancy L. Erba||David L. Teichmann||Nicholas R. Walden,1573242000.0,-76043000,667700000,1669138000.0,178657000.0,179647000.0,-0.35,,FMR LLC,14.66,No,,1573242000,535776000,1037466000,1.0,Market Risk||Credit Risk||Operational Risk||Legal/Compliance Risk||Environmental Risk||Strategic Risk,Mixed,Ernst & Young LLP,50
"Odyssey Group Holdings, Inc.","300 Madison Avenue, New York",,Finance,,,5600200000.0,165500000,,19325900000.0,783900000.0,5301500000.0,,,Fairfax Financial Holdings Limited,90.01,Yes,Other,5666300000,165500000,5442600000,1.0,Market Risk||Credit Risk||Operational Risk||Legal/Compliance Risk||Strategic Risk,Not Disclosed,PricewaterhouseCoopers LLP,51
Ritchie Bros. Auctioneers Incorporated,"9500 Glenlyon Parkway, Burnaby, British Columbia, Canada V5J 0C6",NYSE,Finance,Robert G. Elton||Adam DeWitt||Adam DeWitt||Sarah E. Raiss||Christopher Zimmerman||Lisa Hook||Mahesh Shah||Carol Stephenson,Ann Fandozzi||Eric Jacobs||Erik Olsson,1733808000.0,417174000,610600000,2863727000.0,494324000.0,319657000.0,2.89,0.25,,,No,,1733808000,355493000,776701000,3.0,Market Risk||Operational Risk||Legal/Compliance Risk||Strategic Risk,Mixed,Ernst & Young LLP,52
"Atreca, Inc.","835 Industrial Road, Suite 400, San Carlos, CA 94070",NASDAQ,Healthcare,John A. Orwin||Brian Atwood||Kristine M. Ball||Franklin Berger||David Lacey||William H. Robinson||Stacey Ma||Stephen Brady||Lindsey Rolfe||Tito A. Serafini,John A. Orwin||Herbert Cross||Tito A. Serafini||Stephen Gould||Philippe Bishop,,-97157000,,155030000.0,30819000.0,78406000.0,-2.52,,"Baker Brothers Life Sciences L.P. and 667, L.P.",,No,Restructuring||Leadership Change,,,70761000,1.0,Market Risk||Operational Risk||Legal/Compliance Risk||Strategic Risk||Other,Mixed,"WithumSmith+Brown, PC",53
"Enact Holdings, Inc.","8325 Six Forks Road, Raleigh, North Carolina 27615",NASDAQ,Finance,Dominic Addesso||Michael A. Bless||Debra W. Still||John D. Fisk||Sheila Hooda||Robert P. Restrepo Jr.||Westley V. Thompson||Anne G. Waleski||Thomas J. McInerney||Daniel J. Sheehan IV||Rohit Gupta,Rohit Gupta||Hardin Dean Mitchell||James McMullen,1095046000.0,704157000,742830000,5709149000.0,513775000.0,4100908000.0,4.32,1.54,"Genworth Financial, Inc.",80.0,Yes,Major Contract||Leadership Change||Other,1095046000,704157000,196824000,1.0,Market Risk||Credit Risk||Operational Risk||Legal/Compliance Risk||Strategic Risk,Mixed,KPMG LLP,54
Alcoa Corporation,"201 Isabella Street, Suite 500, Pittsburgh, Pennsylvania 15212-5858",NYSE,Mining,Steven W. Williams||Mary Anne Citrino||Pasquale Fiore||Thomas J. Gorman||Roy C. Harvey||James A. Hughes||Carol L. Roberts||Jackson P. Roberts||Ernesto Zedillo,Roy C. Harvey||Molly S. Beerman||Renato Bacchi||Sonya Elam Harden||Jeffrey D. Heeter||Tammi A. Jones||William F. Oplinger||Kelly R. Thomas,12451000000.0,-123000000,1807000000,14756000000.0,1363000000.0,6589000000.0,-0.68,0.4,,,Yes,Restructuring||Litigation||Major Contract||Other,14920000000,261000000,13136000000,3.0,Market Risk||Credit Risk||Operational Risk||Legal/Compliance Risk||Environmental Risk||Strategic Risk,Not Disclosed,PricewaterhouseCoopers LLP,55
Incyte Corporation,"1801 Augustine Cut-Off, Wilmington, DE 19803",NASDAQ,Healthcare,Herv   Hoppenot,Herv   Hoppenot||Dashyant Dhanak||Jonathan E. Dickinson||Barry P. Flannelly||Vijay Iyengar||Michael Morrissey||Maria E. Pasquale||Christiana Stamoulis||Steven Stein||Paula J. Swain,3394635000.0,340660000,,3372641000.0,2951422000.0,,1.53,,,,Yes,Restructuring||Major Contract||Other,2746897000,,2795073000,2.0,Market Risk||Credit Risk||Operational Risk||Legal/Compliance Risk||Strategic Risk,Mixed,Ernst & Young LLP,56
"HCA Healthcare, Inc.","One Park Plaza, Nashville, Tennessee 37203",HCA,Healthcare,"Thomas F. Frist III||Meg G. Crofton||Robert J. Dennis||Nancy-Ann DeParle||William R. Frist||Charles O. Holliday, Jr.||Hugh F. Johnston||Michael W. Michelson||Wayne J. Riley||Andrea B. Smith","Samuel N. Hazen||Erol R. Akdamar||Jennifer L. Berres||Phillip G. Billington||Jeff E. Cohen||Michael S. Cuffe||Jon M. Foster||Richard A. Hammett||Michael A. Marks||Michael R. McAlevey||Timothy M. McManus||Sammie S. Mosier||P. Martin Paslick||Deborah M. Reiner||William B. Rutherford||Joseph A. Sowell, III||Kathryn A. Torres||Kathleen M. Whalen||Christopher F. Wyatt",60233000000.0,5643000000,38084000000,52438000000.0,908000000.0,-73000000.0,19.15,2.24,Hercules Holding II and the Frist-affiliated investors,25.0,No,M&A||Leadership Change||Major Contract,60233000000,8580000000,51653000000,3.0,Market Risk||Credit Risk||Operational Risk||Legal/Compliance Risk||Environmental Risk||Strategic Risk,Mixed,Ernst & Young LLP,57
"MainStreet Bancshares, Inc.","10089 Fairfax Boulevard, Fairfax, VA 22030",MNSB,Finance||Real Estate||Technology,Elizabeth S. Bennett||Charles C. Brockett||Thomas J. Chmelik||Rafael DeLeon||Jeff W. Dick||Russell Echlov||Darrell Green||Paul Thomas Haddock||Abdul Hersiburane||Patsy I. Rust||Terry M. Saeger,Jeff W. Dick||Thomas J. Chmelik||Abdul Hersiburane,83845000.0,26674000,172245000,1925751000.0,130600000.0,198282000.0,3.26,0.25,,,Yes,Major Contract||Leadership Change||Other,83845000,26674000,39057000,2.0,Credit Risk||Operational Risk||Market Risk||Legal/Compliance Risk||Environmental Risk||Strategic Risk,Mixed,"Yount, Hyde & Barbour, P.C.",58
Verrica Pharmaceuticals Inc.,"44 West Gay Street, Suite 400, West Chester, PA 19380",VRCA,Healthcare,Paul B. Manning||Sean Stalfort||Craig Ballaron||Mark Prygocki||Lawrence Eichenfield||Diem Nguyen||Ted White,Ted White||Joe Bonaccorso||Gary Goldenberg||P. Terence Kohler Jr.||Chris Hayes,9032000.0,-24487000,0,44721000.0,34273000.0,40033000.0,-0.72,0.0,Paul B. Manning,50.0,No,Litigation,9032000,-24487000,30328000,1.0,Market Risk||Operational Risk||Legal/Compliance Risk||Strategic Risk,Fixed||Performance-based||Stock Option,KPMG LLP,59
"Wheeler Real Estate Investment Trust, Inc.","2529 Virginia Beach Blvd., Virginia Beach, Virginia 23452",WHLR,Real Estate||Retail,Stefani D. Carter||Saverio M Flemma||Michelle D. Bergman||Joseph D. Stilwell||Megan Parisi||Kerry G. Campbell||E.J. Borrack,M. Andrew Franklin||Crystal Plum,76645000.0,-8470000,482447000,684536000.0,28491000.0,51034000.0,-2.2,0.0,,,Yes,M&A||Litigation||Other,76645000,48812000,25731000,2.0,Market Risk||Credit Risk||Operational Risk||Legal/Compliance Risk||Environmental Risk||Strategic Risk,,Cherry Bekaert LLP,60
BetMakers Technology Group Ltd,"Suite 19, Level 2, 50 Glebe Road, The Junction, NSW 2291",BET,Technology||Media,Nicholas Chan||Todd Buckingham||Simon Dulhunty||Rebekah Giles||Anna Massion,Todd Buckingham||Jake Henson||Anthony Pullin,91682000.0,-57879979,8391000,223060000.0,87550000.0,189286000.0,10.21,0.0,Tripp Investments Pty Ltd (Tripp Investment),11.66,Yes,Major Contract||M&A||Other,91682000,6309772,25384000,3.0,Operational Risk||Legal/Compliance Risk||Strategic Risk||Credit Risk||Market Risk,Mixed||Performance-based||Stock Option||Fixed,PKF(NS) Audit & Assurance Limited Partnership,61
Motability Operations Group plc,"City Gate House, 22 Southwark Bridge Road, London SE1 9HB",,Transportation||Finance||Other,Rt. Hon Sir Stephen O'Brien KBE||Chris Davies||Daniel Fairclough||Alison Hastings||Michael Hordley||Daniel Meredith Jones||Simon Minty||Ruth Owen||Ruth Prior||Peter Pritchard||Neill Thomas||Robert Whittick,Andrew Miller||Matthew Hamilton-James||Kelly-Jane Botha||Gareth Everson||Ian Goswell||Jo Pentland||Ashley Sylvester||Lisa Thomas||Julie McManus||Clare Ickringill||Damian Oton||Sarah Lewis||Lisa Witherington||Paul Durkan,6389940000.0,1252640000,8122510000,16121890000.0,1043850000.0,5232450000.0,,0.0,Motability Operations Group plc,,No,Leadership Change,6389940000,1784810000,4604330000,2.0,Market Risk||Credit Risk||Operational Risk||Legal/Compliance Risk||Environmental Risk||Strategic Risk,Mixed||Performance-based||Fixed,KPMG LLP,62
"Origin Bancorp, Inc.","500 South Service Road East, Ruston, Louisiana 71270",OBNK,Finance||Insurance||Real Estate||Other,"Daniel Chu||James D'Agostino, Jr.||James Davison, Jr.||Jay Dyer||A. La'Verne Edney||Meryl Farr||Richard Gallot, Jr.||Stacey Goff||Michael Jones||Gary Luffey||Farrell Malone||Drake Mills||Lori Sirman||Elizabeth Solender||Steven Taylor","Drake Mills||William Wallace, IV||M. Lance Hall||Stephen Brolly||Derek McGee||Preston Moore",326604000.0,87715000,840995000,9686067000.0,358972000.0,949943000.0,3.28,0.58,"T. Rowe Price Investment Management, Inc.",11.1,Yes,M&A||Leadership Change,326604000,87715000,200419000,1.0,Market Risk||Credit Risk||Operational Risk||Legal/Compliance Risk||Environmental Risk||Strategic Risk,Mixed||Performance-based||Stock Option,"FORVIS, LLP (formerly BKD, LLP)",63
Jefferies Financial Group Inc.,"520 Madison Avenue, New York, New York 10022",NYSE,Finance,,Richard B. Handler|| Brian P. Friedman,5978838000.0,777168000,9302478000,51057683000.0,9703109000.0,10295479000.0,3.13,1.2,,,Yes,Restructuring,5983843000,,,2.0,Market Risk||Credit Risk||Operational Risk||Legal/Compliance Risk,Performance-based||Stock Option,Deloitte & Touche LLP,64
"Insperity, Inc.","19001 Crescent Springs Drive, Kingwood, Texas 77339",NSP,Other,,Paul J. Sarvadi||A. Steve Arizpe||Douglas S. Sharp||Daniel D. Herink||James D. Allison,5938818000.0,179350000,369400000,2039261000.0,765896000.0,81275000.0,4.64,2.01,,,Yes,Litigation,5938818000,1011233000,4927585000,1.0,Market Risk||Operational Risk||Legal/Compliance Risk||Strategic Risk,Performance-based||Stock Option||Mixed,Ernst & Young LLP,65
archTIS Limited,"Level 3, archTIS House, 10 National Circuit, Barton ACT 2600",ASX,Technology,Miles Jakeman||Daniel Lai||Leanne Graham,Daniel Lai||Kurt Mueffelmann||Kylie Sheather||Thomas Myerscough||Leigh Rowland||Irena Mroz||Bill Belcher||Matthew Kluken,3368700.0,-6858000,5585000,19532000.0,4735000.0,13946000.0,-0.03,0.0,Kurt Mueffelmann,6.73,Yes,M&A||Major Contract,3368700,2375000,993000,1.0,Market Risk||Credit Risk||Operational Risk,Fixed||Performance-based||Stock Option||Mixed,RSM Australia Partners,66
ACRES Commercial Realty Corp.,"390 RXR Plaza, Uniondale, New York 11556",NYSE,Finance || Real Estate,Andrew Fentress || Mark S. Fogel || Karen Edwards || William B. Hart || Gary Ickowicz || Steven J. Kessler || Murray S. Levin || P. Sherrill Neff || Dawanna Williams,Mark S. Fogel || David J. Bryant || Jaclyn A. Jesberger || Eldron C. Blackwell,75170000.0,10426000,1867033000,2376652000.0,104811000.0,435468000.0,-1.0,0.0,,,Yes,Restructuring||Other,142338000,92003000,50335000,2.0,Market Risk||Credit Risk||Operational Risk||Legal/Compliance Risk||Strategic Risk||Other,Mixed,Grant Thornton LLP,67
Armadale Capital Plc,"1 Arbrook Lane, Esher, Surrey, KT10 9EG",AIM ,Mining||Finance,Nicholas Johansen||Matt Bull ,Nicholas Johansen||Matt Bull||Timothy Jones ,0.0,-279544,0,9826110.0,1419432.0,9721620.0,-0.000543,0.0,Interactive Investor Services Clients,14.1,Yes,Other,0,-419316,419316,1.0,Market Risk||Operational Risk||Legal/Compliance Risk||Environmental Risk||Strategic Risk ,Fixed,James Cowper Kreston Audit,68
AstraZeneca PLC,"1 Francis Crick Avenue, Cambridge Biomedical Campus, Cambridge CB2 0AA, United Kingdom ",LSE||STO||NASDAQ ,Healthcare || Manufacturing,Leif Johansson || Pascal Soriot || Michel Demar   || Euan Ashley || Philip Broadley || Deborah DiSanzo || Diana Layfield || Sheri McCoy || Tony Mok || Nazneen Rahman || Aradhana Sarin || Andreas Rummelt || Marcus Wallenberg,Pascal Soriot || Aradhana Sarin || Ruud Dobber || Pam Cheng || Susan Galbraith || Mene Pangalos || Leon Wang || Iskra Reic || Marc Dunoyer ,44351000000.0,3293000000,29232000000,96483000000.0,6166000000.0,37058000000.0,2.12,2.9,BlackRock Inc. ,6.51,No,M&A||Litigation||Major Contract||Leadership Change,42998000000,3757000000,41108000000,1.0,Market Risk||Credit Risk||Operational Risk||Legal/Compliance Risk||Environmental Risk||Strategic Risk,Mixed,PricewaterhouseCoopers LLP,69
Commerzbank Aktiengesellschaft,"Kaiserplatz, 60311 Frankfurt/Main, Germany",XETRA,Finance,Helmut Gottschalk||Uwe Tsch ge||Heike Anscheit||Alexander Boursanoff||Gunnar de Buhr,Manfred Knof||Sabine Mlnarsky||Bettina Orlopp||J rg Oliveri del Castillo-Schulz||Marcus Chromik||Thomas Schaufler||Michael Kotzbauer,10926792730.0,1658085550,515676245000.00,551516000000.0,86850736000.0,35687337000.0,1.14,0.23,Federal Republic of Germany,15.6,Yes,Leadership Change||Restructuring,10927947660,,,3.0,Market Risk||Credit Risk||Operational Risk||Other,Mixed,KPMG AG Wirtschaftspr  fungsgesellschaft,70
SThree plc,"1st Floor, 75 King William Street, London, EC4N 7BE, United Kingdom",LSE,Technology||Other,James Bilefield||Timo Lehne||Andrew Beach||Denise Collis||Barrie Brien||Elaine O  Donnell||Imogen Joss,Timo Lehne||Andrew Beach,2207841928.0,72993833.4,0 (excluding IFRS 16 lease liabilities of 45383790 and 538680 bank overdraft),633493066.8,88624980.3,269867906.4,0.5521,0.2155,Kempen Capital Management,9.83,No,Leadership Change||Restructuring||Other,2020363781,525804201.3,1627931361,4.0,Market Risk||Strategic Risk||Credit Risk||Legal/Compliance Risk||Operational Risk||Environmental Risk,Mixed,PricewaterhouseCoopers LLP,71
Aptevo Therapeutics Inc.,"2401 4th Avenue, Suite 1050, Seattle, Washington 98121",NASDAQ,Healthcare,"Marvin L. White||John E. Niederhuber, M.D.||Daniel J. Abdun-Nabi||Grady Grant, III||Zsolt Harsanyi, Ph. D.||Barbara Lopez Kunz",Marvin L. White||Jeffrey G. Lamothe||Daphne Taylor,42796000.0,8027000,3456000,34215000.0,22635000.0,17974000.0,1.57,0.0,,,No,,3114000,-28641000,31755000,1.0,Market Risk||Operational Risk||Legal/Compliance Risk||Strategic Risk,Mixed,Moss Adams LLP,72
"Sonic Automotive, Inc.","4401 Colwick Road, Charlotte, North Carolina 28211",NYSE,Retail,David Bruton Smith||Jeff Dyke||William I. Belk||William R. Brooks||John W. Harris III||Michael Hodge||Keri A. Kaiser||B. Scott Smith||Marcus G. Smith||R. Eugene Taylor,David Bruton Smith||Jeff Dyke||Heath R. Byrd,14001100000.0,88500000,1751700000,4978300000.0,299200000.0,895200000.0,2.29,1.03,Sonic Financial Corporation (SFC),,Yes,M&A||Litigation,14001100000,2317000000,11684100000,3.0,Market Risk||Credit Risk||Operational Risk||Legal/Compliance Risk||Environmental Risk||Strategic Risk,Mixed||Stock Option,KPMG LLP,73
"FNCB Bancorp, Inc.","102 E. Drinker St., Dunmore, PA 18512",NASDAQ,Finance,"William G. Bracey||Joseph Coccia||Dominick L. DeNaples||Louis A. DeNaples||Keith W. Eckel||Thomas J. Melone||Gerard A. Champi||William P. Conaboy||Joseph L. DeNaples||Louis A. DeNaples, Jr.||Kathleen McCarthy Lambert","Gerard A. Champi||James M. Bone, Jr.||Stephanie A. Westington",62025000.0,20445000,182360000,1745530000.0,41916000.0,118949000.0,1.03,0.33,,,Yes,M&A||Litigation||Other,68757000,24589000,42206000,1.0,Market Risk||Credit Risk||Operational Risk||Legal/Compliance Risk||Strategic Risk,Mixed||Performance-based||Stock Option,"Baker Tilly US, LLP",74
"Ocugen, Inc.","11 Great Valley Parkway, Malvern, Pennsylvania 19355",NASDAQ,Healthcare,Shankar Musunuri||Ramesh Kumar||Junge Zhang||Uday Kompella||Kirsten Castillo||Prabhavathi Fernandes||Marna Whittington,Shankar Musunuri||Jessica Crespo,0.0,-81351000,2289000,108632000.0,77563000.0,84052000.0,-0.38,0.0,,,Yes,Litigation||Leadership Change,0,-84868000,84868000,1.0,Market Risk||Legal/Compliance Risk||Strategic Risk||Other,Stock Option||Performance-based,Ernst & Young LLP,75
Tellurian Inc.,"1201 Louisiana Street, Suite 3100, Houston, TX 77002",NYSE,Energy,Oct  vio M.C. Sim es||Charif Souki||Martin J. Houston||Jean P. Abiteboul||Diana Derycz-Kessler||Dillon J. Ferguson||Jonathan S. Gross||Brooke A. Peterson||Don A. Turkleson,Oct  vio M.C. Sim es||L. Kian Granmayeh||Khaled A. Sharafeldin,391926000.0,-49810000,557678000,1426683000.0,474205000.0,672543000.0,-0.09,0.0,,,Yes,Major Contract||Other,391926000,-17773000,169549000,3.0,Market Risk||Credit Risk||Operational Risk||Legal/Compliance Risk||Environmental Risk||Strategic Risk,Performance-based || Stock Option,Deloitte & Touche LLP,76
Seiko Epson Corporation,"3-5, Owa 3-chome, Suwa, Nagano 392-8502, Japan",TSE,Manufacturing||Technology||Retail,Minoru Usui||Yasunori Ogawa||Koichi Kubota||Tatsuaki Seki||Hideaki Omiya||Mari Matsunaga||Masayuki Kawana||Yoshio Shirai||Susumu Murakoshi||Michiko Ohtsuka,Junichi Watanabe||Hideki Shimada||Akihiro Fukaishi||Yoshiyuki Moriyama||Nobuyuki Shimotome||Hitoshi Igarashi||Keith Kratzberg||Isamu Otsuka||Eiichi Abe||Kazuhiro Ichikawa||Keijiro Naito||Yoshifumi Yoshida||Andrea Zoeckler||Yoshiro Nagafusa||Satoru Hosono||Fuminori Suzumura||Akifumi Takei||Junkichi Yoshida||Samba Moorthy||Yoichi Yamada||Tomoo Takaso||Yasunori Yoshino||Toshiaki Miyasaka||Sunao Murata||Tsuyoshi Kitahara,9231449000.0,754665000,1988314000,10355875000.0,2741344000.0,5443028000.0,2.18,0.43,"The Master Trust Bank 
of Japan, Ltd. (Trust 
account)",22.54,No,,9248220000,732987000,5809649000,3.0,Market Risk||Environmental Risk||Strategic Risk||Legal/Compliance Risk,Performance-based||Fixed||Mixed||Stock Option,Ernst & Young ShinNihon LLC,77
RWE Aktiengesellschaft,"RWE Platz 1, 45141 Essen, Germany",RWEG.DE,Energy,Dr. Werner Brandt||Ralf Sikorski||Michael Bochinsky||Sandra Bossemeyer||Dr. Hans Friedrich B  nting||Matthias D  rbaum||Ute Gerbaulet||Prof. Dr.-Ing. Dr.-Ing. E. h. Hans-Peter Keitel||Mag. Dr. h. c. Monika Kircher||Thomas Kufen||Reiner van Limbeck||Harald Louis||Dagmar Paasch||Dr. Erhard Schipporeit||Dirk Schumacher||Ullrich Sierau||Hauke Stars||Helle Valentin||Dr. Andreas Wagner||Marion Weckes,Dr. Markus Krebber||Dr. Michael M  ller||Zvezdana Seeger,44337071542.0,3139858817,24262545406,160111000000.0,8076730400.0,33840668200.0,4.54,1.04,BlackRock,6.47,Yes,M&A||Major Contract||Restructuring,44337071542,52827449592,39086333348,5.0,Market Risk||Credit Risk||Operational Risk||Legal/Compliance Risk||Environmental Risk||Strategic Risk,Performance-based||Fixed||Stock Option||Mixed,PricewaterhouseCoopers GmbH Wirtschaftspr  fungsgesellschaft,78
Datalogic S.p.A.,"Lippo di Calderara di Reno, Bologna, Italy",,Manufacturing||Technology||Retail||Transportation||Healthcare,Romano Volta||Valentina Volta||Angelo Manaresi||Chiara Giovannucci Orlandi||Filippo Maria Volta||Vera Negri Zamagni||Maria Grazia Filippini||Pietro Todescato,Romano Volta||Valentina Volta,757061500.0,34839779,48579785,853473992.0,124299582.0,522223157.0,0.59,0.34,Romano Volta,,No,M&A,757061500,56777993,439587678,2.0,Market Risk||Operational Risk||Strategic Risk,Fixed||Performance-based||Stock Option||Mixed,Deloitte & Touche S.p.A.,79
Odyssey Gold Limited,"Level 9, 28 The Esplanade, Perth WA 6000",ODY,Mining,Ian Middlemas||Matthew Briggs||Matthew Syme||Levi Mochkin||Robert Behets,Matthew Briggs||Matthew Syme||Levi Mochkin||Steven Le Brun,11565941.0,-9538268,0,6549888.0,2256844.0,6480135.0,-0.0156,0.0,CITICORP NOMINEES PTY LIMITED,6.54,Yes,Leadership Change,11565941,6182266,5373674,1.0,Market Risk||Operational Risk||Environmental Risk||Strategic Risk||Other,Fixed||Performance-based||Stock Option||Mixed,William Buck Audit (WA) Pty Ltd,80
"Ziff Davis, Inc.","114 5th Avenue, New York, New York 10011",ZD,Technology||Healthcare||Cybersecurity||Marketing,Vivek Shah||Bret Richter||Layth Taki||Sarah Fay||Trace Harris||William B. Kretzmer||Jonathan F. Miller||Scott C. Taylor,Vivek Shah||Bret Richter||Layth Taki,1390997000.0,69549850,1170000000,3341000000.0,249000000.0,1896000000.0,1.47,0.0,The Vanguard Group,8.7,Yes,M&A || Restructuring || Litigation,139179800,194700000,195554000,2.0,Market Risk||Credit Risk||Operational Risk||Legal/Compliance Risk||Environmental Risk||Strategic Risk,Fixed||Performance-based||Stock Option,Deloitte & Touche LLP,81
"MongoDB, Inc.","1633 Broadway, 38th Floor, New York, NY 10019",NASDAQ,Technology,Tom Killalea,Dev Ittycheria,1284012000.0,-345404000,1143203000,2456638000.0,1822922000.0,1313435000.0,-4.95,0.0,Sequoia Capital,13.3,No,Leadership Change,1284012000,-345404000,950203000,1.0,Market Risk,Mixed,Ernst & Young LLP,82
Pintec Technology Holdings Limited,"3rd Floor, No. 11 Building, No. 109 Yard Tianjizhigu, Jinghai 3rd Street, BDA, Beijing, 101111, PRC",NASDAQ,Finance,Zexiong Huang||Qiang Wu||Xiaodong Wei||Hui Wang||Jia Zhu||Long Lin,Zexiong Huang||Xiaodong Wei||Hui Wang||Jia Zhu||Long Lin,10812000.0,-28498000,104280399,76679000.0,36422000.0,35831000.0,,0.0,Zexiong Huang,24.9,No,Litigation,10812000,1723000,908900,3.0,Market Risk,Fixed,Marcum Asia CPAs LLP,83
Aeeris Ltd,"Level 12, 225 George Street, Sydney NSW 2000",AER,Technology,Kerry Plowright||Bryce Reynolds||Nathan Young||Elissa Hansen,Kerry Plowright||James Harris||Michael Bath||Dave Evans||Kathryn Turner||Todd Harris||Martin Katzmann,2210529.0,-211295,0,3398960.0,2739215.0,2390872.0,-0.25,0.0,Kerry Plowright,30.8,No,Leadership Change,2210529,1217000,993529,1.0,Market Risk,Fixed,BDO Audit Pty Ltd,84
abrdn Japan Investment Trust plc,"Bow Bells House, 1 Bread Street, London, EC4M 9HH",TSE,Finance,Karen Brade||Claire Boyle||Sam Dean||Sir David Warren,Chern-Yeh Kwok||Hisashi Arakawa||Flavia Cheong,2708592.0,-14416530,14437351,136955488.0,358251.0,122065909.0,-1.12,0.2,1607 Capital Partners,16.6,Yes,Other,2708592,,,1.0,Market Risk||Operational Risk||Legal/Compliance Risk||Strategic Risk||Other,Fixed,KPMG LLP,85
Medallion Financial Corp.,"437 Madison Avenue, 38th Floor, New York, New York 10022",NASDAQ,Finance,Alvin Murstein||Andrew M. Murstein||John Everets||Cynthia Hallenbeck||Brent O. Hatch||Robert M. Meyer||David L. Rudnick||Allan J. Tanenbaum,Alvin Murstein||Andrew M. Murstein||Anthony N. Cutrone||Donald S. Poulton||D. Justin Haley||Steven M. Hannay,196621000.0,43840000,1833434000,2259879000.0,105598000.0,370524000.0,1.83,,,,Yes,Litigation,,,,4.0,Market Risk||Credit Risk||Operational Risk||Legal/Compliance Risk,Mixed,Mazars USA LLP,86
Liberty Broadband Corporation,"12300 Liberty Boulevard, Englewood, Colorado 80112",NASDAQ,Telecommunications,Gregg L. Engles||John C. Malone||John E. Welsh III||Julie D. Frist||J. David Wargo||Richard R. Green||Sue Ann R. Hamilton||Gregory B. Maffei,Gregory B. Maffei||Brian J. Wendling||Albert E. Rosenthaler||Renee L. Wilm,975000000.0,1257000000,6641000000,15142000000.0,375000000.0,8501000000.0,8.01,0.0,John C. Malone,48.9,Yes,Litigation||Other,975000000,327000000,611000000,2.0,Market Risk||Operational Risk||Legal/Compliance Risk||Strategic Risk,Mixed,KPMG LLP,87
Kruger Products Tissue Inc.,"2 Prologis Blvd., Suite 500, Mississauga, Ontario, L5W 0G8",TSX,Manufacturing,Fran ois Vimard||James Hardy||John ('Jay') Wright||Louise Denys Wendling,Dino Bianco,1237680000.0,-41890000,793010000,1661120000.0,52580000.0,363040000.0,-0.76,0.53,Kruger Inc.,86.3,Yes,Restructuring,1237850000,91870000,1148070000,2.0,Market Risk||Credit Risk||Operational Risk||Strategic Risk,Not Disclosed,PricewaterhouseCoopers LLP,88
OFX Group Limited,"Level 19, 60 Margaret Street, Sydney NSW 2000, Australia",ASE,Finance,Connie Carnabuci||Cathy Kovacs||John Alexander (Skander) Malcolm||Grant Murdoch||Steven Sargent||Douglas Snedden AO,John (Skander) Malcolm||Selena Verth||Mark Shaw||Elisabeth Ellis||Elaine Herlihy||Alfred Nader||Yung Ngo||Kate Svoboda||Adam Thomas||Sarah Webb,102500000.0,15870000,195500000,262100000.0,195500000.0,67100000.0,0.065,0.0,Selector Funds Management Limited,11.8,Yes,M&A,102500000,28900000,67300000,3.0,Market Risk||Credit Risk||Operational Risk||Legal/Compliance Risk||Strategic Risk,Mixed,KPMG,89
"Blue Apron Holdings, Inc.","28 Liberty Street, New York, New York 10005",NYSE,Retail,Jennifer Carr-Smith||Beverly K. Carmichael||Brenda Freeman||Elizabeth Huebner||Amit Shah,Linda Findley||Mitch Cohen,458467000.0,-109733000,137421000,171142000.0,33476000.0,33721000.0,-3.02,0.0,Joseph N. Sanberg and affiliates,22.3,Yes,Litigation||Restructuring||Other,458467000,153893000,304574000,1.0,Market Risk||Operational Risk||Legal/Compliance Risk||Strategic Risk,Mixed,Ernst & Young LLP,90
CoreCard Corporation,"One Meca Way, Norcross, Georgia 30093",NYSE,Technology,"J. Leland Strange||A. Russell Chandler, III||Philip H. Moise||Elizabeth W. Camp||Kathryn Petralia",J. Leland Strange||Matthew A. White,69765000.0,13881000,10469000,63232000.0,20399000.0,52763000.0,1.62,0.0,J. Leland Strange,15.3,Yes,Other,69765000,37101000,32664000,1.0,Market Risk||Operational Risk||Legal/Compliance Risk||Strategic Risk,Mixed,"Nichols, Cauley & Associates, LLC",91
Crombie Real Estate Investment Trust,"610 East River Road, Suite 200, New Glasgow, Nova Scotia, B2H 3S2, Canada",TSX,Real Estate||Retail,J. Michael Knowlton|| Paul V. Beesley|| Jane Craighead|| James M. Dickson|| Mark Holly|| Heidi Jamieson-Mills|| Barbara Palk|| Jason P. Shannon|| Paul D. Sobey|| Michael Vels|| Michael Waters|| Karen Weaver|| Michael Knowlton,Mark Holly || Clinton D. Keay || Cheryl Fraser || John Barnoski || Trevor Lee || Arie Bitton || Fred Santini || Michael Knowlton,308860935.0,123517580,1736797033,3002108767.0,4504781.0,1362019954.0,0.6993,0.6541,Empire Company Limited,41.5,Yes,Leadership Change|| Major Contract||Other,246926156,207457070,101407285,1.0,Market Risk||Credit Risk||Operational Risk||Legal/Compliance Risk||Environmental Risk||Strategic Risk,Mixed,PricewaterhouseCoopers LLP,92
SIG plc,"Adsetts House, 16 Europa View, Sheffield Business Park, Sheffield, S9 1XH, United Kingdom",LSE,Manufacturing||Retail||Energy||Other,Gavin Slark||Ian Ashton||Andrew Allner||Shatish Dasani||Bruno Deschamps||Kath Durrant||Gillian Kent||Simon King||Alan Lovell||Christian Rochat,Gavin Slark || Ian Ashton || Julie Armstrong || Andrew Watkins || Marcin Szczygiel || Tim Johnson || Alfons Horn || Kevin Windle || Kate Taylor || Julie Westcott || Philip Johns || Louis van Wijck,3172610000.0,21033655,602512440,1809030031.0,176547001.0,363407278.0,0.0176,0.0,CD&R Sunshine S. a. r. l.,28.96,No,M&A||Leadership Change||Litigation,3724313900,142350300,3615481700,8.0,Market Risk||Credit Risk||Operational Risk||Legal/Compliance Risk||Environmental Risk||Strategic Risk,Mixed,Ernst & Young LLP,93
Peako Limited,"Level 1, 10 Yarra Street, South Yarra Victoria, 3141 Australia",ASX,Mining,Geoffrey Albers|| Raewyn Clark|| Paul Kitto,Raewyn Clark|| Robert Wright,1208.0,-716307,0,3434196.0,979990.0,3202695.0,-0.002336,0.0,Albers Group,30.73,Yes,Other,1208,-716307,717516,1.0,Market Risk||Credit Risk,Fixed||Stock Option,Grant Thornton Audit Pty Ltd,94
Empire Company Limited,"115 King Street, Stellarton, Nova Scotia, B0K 1S0, Canada",TSX,Retail||Real Estate,Michelle Banik||Gregory Josefowicz||Martine Reardon||Paul D. Sobey||Martine Turcotte||Karl R. Sobey||Michael Medline||James M. Dickson||William Linton||John R. Sobey||Sharon Driscoll||Cynthia Devine||Sue Lee||Frank C. Sobey||Rob G.C. Sobey,Michael Medline||Matt Reindel,22202542600.0,548983400,5492851800,12214549000.0,597934000.0,3674243100.0,2.06,0.44,,,Yes,M&A||Other,22202542600,5638305200,16564237500,2.0,Market Risk||Credit Risk||Operational Risk||Legal/Compliance Risk||Environmental Risk||Strategic Risk,Performance-based||Stock Option||Fixed,PricewaterhouseCoopers LLC,95
"Senti Biosciences, Inc.","2 Corporate Drive, First Floor, South San Francisco, CA 94080",NASDAQ,Healthcare||Technology,Timothy Lu||Susan Berland||Brenda Cooperstone||Edward Mathers||James J. Collins||Omid Farokhzad||David Epstein,Timothy Lu || Philip Lee || Kanya Rajangam || Deborah Knobelman,4286000.0,-58210000,0,180792000.0,60987000.0,127263000.0,-2.23,0.0,Bayer Healthcare LLC,,Yes,M&A||Other,4286000,-70629000,74915000,1.0,Market Risk||Operational Risk||Strategic Risk||Other,Stock Option||Performance-based,KPMG LLP,96
Galileo Resources Plc,"7/8 Kendrick Mews, London, SW7 3HG, United Kingdom",AIM,Mining,Colin Bird||Edward P Slowey||Joel M Silberstein||Christopher Molefe||John Richard Wollenberg,Colin Bird||Edward Slowey||Joel Silberstein,451754.0,2093291,0,19496733.0,6308732.0,18980406.0,0.002,0.0,Hargreaves Lansdown Asset Management,14.03,Yes,M&A||Major Contract,451754,4829331,1022264,4.0,Market Risk||Credit Risk||Operational Risk||Legal/Compliance Risk||Environmental Risk||Strategic Risk||Other,Mixed,PKF Littlejohn LLP,97
Duni AB (publ),"Box 237, 201 22 Malm , Sweden",NASDAQ,Manufacturing||Retail||Other,Thomas Gustafsson|| Pauline Lindwall|| Morten Falkenberg|| Sven Knutsson|| Pia Marions,Robert Dackeskog|| Magnus Carlsson|| Linus Lemark|| Malin Cullin|| Nicklas Bengtsson|| Johan Crusefalk|| Manfred Hargarten,725504000.0,20860800,136968960,763795200.0,38688000.0,389568000.0,0.433,0.62,Mellby G rd AB,29.99,Yes,M&A||Restructuring,416614240,42574400,682929600,2.0,Market Risk||Credit Risk||Operational Risk||Legal/Compliance Risk||Environmental Risk||Strategic Risk,Mixed,PricewaterhouseCoopers AB,98
Structural Monitoring Systems Plc,"The Old Court, 8 Tufton Street, Ashford, Kent TN28 1PF, United Kingdom",SMN,Manufacturing||Technology,Ross Love||Sam Wright||Hendrik Deurloo||Bryant McLarty||Brian Wall,Ross Love||Sam Wright||Hendrik Deurloo||Bryant McLarty||Brian Wall,10185532.0,-2614503,3542229,35051000.0,1167768.0,10094510.0,-0.02115,0.0,Drake Private Investments,16.72,Yes,M&A||Leadership Change||Other,,,,1.0,Market Risk||Operational Risk,Performance-based||Mixed,Jeffrey Henry Audit Limited,99
"Terns Pharmaceuticals, Inc.","1065 East Hillsdale Blvd., Suite 100, Foster City, California",TERN,Healthcare || Technology,Senthil Sundaram||Mark Vignola||David Fellows||Carl Gordon||Jeffrey Kindler||Hongbo Lu||Jill Quigley||Ann Taylor||Radhika Tripuraneni,Senthil Sundaram||Mark Vignola,,,,,,,,,,,,Major Contract||Other,,,,,Market Risk||Operational Risk||Legal/Compliance Risk||Strategic Risk||Other,Not Disclosed,,100
