,disease_name,disease_type,pathogenesis,etiology,diagnostic_methods,common_symptoms,complications,affected_organs,treatments,drugs,prognosis,sequelae,epidemiology,risk_factors,preventive_measures,diagnosis_challenges,treatment_challenges,quality_of_life_impact,id
0,Chlamydia,infectious,infectious_bacterial,sexually transmitted infection,laboratory_test||screening,unusual vaginal discharge||pain or burning sensation during urination||frequent urination||bleeding between periods||bleeding after sex||grey or pale yellow discharge||pain during sex||problems with urination||abdominal pain||pain during sex||pain during urination||unusually painful or heavy periods||unusual discharge (may be green or yellow)||severe pain in the abdomen||fever||nausea||vomiting,cervicitis||pelvic inflammatory disease||ectopic pregnancy||pneumonia in babies||chlamydial conjunctivitis||infertility,cervix||womb||fallopian tubes||ovaries||reproductive organs||eyes (in babies)||lungs (in babies),oral_medication||injection,antibiotics,full_recovery||asymptomatic,infertility||blindness in children,very common sexually transmitted infection||especially amongst young men and women,infection,screening||safe_sex_practices,nonspecific symptoms||asymptomatic,,,1768
1,Type 2 Diabetes Mellitus,metabolic||endocrine,metabolic_disorder||endocrine_disorder||inflammatory,obesity||increased lipid levels||inflammation||insulin resistance,,,heart related complications||metabolic complications||inflammation,gastrointestinal system||abdomen,oral_medication||lifestyle_modification||dietary_intervention||regular_exercise,metformin,,,,obesity||increased lipid levels||inflammation||insulin resistance,regular_exercise||dietary_management,,,,1965
2,Pleural Effusion,inflammatory||infectious||vascular||others,inflammatory||infectious_bacterial||vascular||other,pneumonia||pulmonary embolism||kidney disease||congestive heart failure,,shortness of breath||chest pain,,lungs||pleura||chest,oral_medication||other,antibiotics||diuretics||Combiflam,,,,,,,,,12
3,Irritable Bowel Syndrome (IBS),functional,,,functional_test,abdominal pain||constipation||diarrhea||altered bowel movements,,gastrointestinal tract||rectosigmoid colon,oral_medication||dietary_intervention,tegaserod maleate||alosetron,,,,,,lack of accurate diagnostic test,,quality_of_life_decline||social_isolation,1953
4,Diabetes type 1,autoimmune||endocrine,autoimmune||endocrine_disorder,genetic_susceptibility||environmental_factors||diet||infections,laboratory_test,thirst||polyuria||weight_loss||healthy_appetite||weakness||muscle_pain||fatigue||irritability||nausea||vomiting||blurry_vision,blindness||cardiovascular_disorders||large_blood_vessel_damage||kidney_damage||eye_damage||nerve_damage||coma,large_blood_vessels||kidneys||eyes||nerves||pancreas,injection||dietary_intervention||lifestyle_modification,insulin,chronic_condition||quality_of_life_impairment,blindness||cardiovascular_disorders||large_blood_vessel_damage||kidney_damage||eye_damage||nerve_damage,100000_in_Netherlands||12000_children_under_20_in_Netherlands||more_common_in_children_and_young_adults||increasing_in_children||average_age_of_onset_7.6_years,genetic_predisposition||infection||diet||age,,,,quality_of_life_decline,1129
5,Vohwinkel syndrome,genetic,genetic_mutation,mutations to the GJB2 gene,clinical_evaluation,loss of fingers||loss of toes||starfish-shaped patches of thickened skin||honeycomb-like calluses on palms and soles||patches of infected skin||itching||peeling,anemia||thrombocytopenia,fingers||toes||skin||arms||legs||palms||soles,oral_medication||surgery,acitretin,disability||quality_of_life_impairment||stable,loss of fingers||loss of toes,Only around 50 people have been confirmed to have contracted it worldwide||occurs most often among Caucasian women,genetic_predisposition,,nonspecific symptoms||disease mimics||lack of early recognition,,mobility_impairment||self_care_difficulty||dependence_on_others||body_image_issues||emotional_distress||quality_of_life_decline,37
6,Gout,metabolic||inflammatory,metabolic_disorder||inflammatory,hyperuricemia,clinical_evaluation,joint pain||toe pain||recurring attacks,,joints||big toe||elbow||ankle||wrist,oral_medication||lifestyle_modification||dietary_intervention,NSAIDS||aspirin||ibuprofen||naproxen||Milk Thistle,high_recurrence_risk,,more common in males,obesity||alcohol_consumption||smoking||hypertension||unhealthy_diet||family_history,lifestyle_modification,,high_recurrence_risk||withdrawal_symptoms,chronic_pain||mobility_impairment,1977
7,Lung Cancer,neoplastic,genetic_mutation||neoplastic,smoking||secondhand smoke||environmental exposures||asbestos||radon||arsenic||chromium||radiation exposure,clinical_evaluation,cough||hemoptysis||shortness of breath||chest pain||hoarse voice||facial swelling||neck swelling||weight gain||moon face||weakness||bone pain||kidney stones,metastatic lung cancer||superior vena cava syndrome||paraneoplastic syndrome,lungs||blood vessels||nerves||bones||liver||brain,chemotherapy||radiotherapy||surgery,,high_mortality||progressive,,number one cause of cancer death in the United States in both men and women||second most common cause of cancer||non-small cell lung cancer makes up about 85 percent of lung cancers,smoking||secondhand smoke||environmental_exposure||radiation_exposure,,,,,1415
8,Multiple Myeloma,neoplastic,neoplastic,,,,blood clots,plasma cells||bone marrow||bone,chemotherapy||stem cell transplantation,Doxil||Oncovin||dexamethasone||Thalomid||Velcade,remission_possible,,,,,,,,1755
9,Phantom Limb Pain,traumatic,traumatic,amputation of a limb,,pain||aches,,limbs||nervous system,physical_therapy||injection||oral_medication||device_implantation,pain reliever,,,,,,,financial_burden,chronic_pain||emotional_distress,51
10,Opioid-Induced Constipation,iatrogenic,iatrogenic,opioid use,clinical_evaluation,"difficult defecation||painful defecation||incomplete bowel-emptying||decreased frequency of emptying||hard, lumpy stools||straining",abdominal pain||pain aggravation,bowels||gastrointestinal tract,lifestyle_modification||oral_medication||dietary_intervention,osmotic laxatives||tricyclic antidepressants||amitriptyline||nortriptyline,variable,,27% of constipated patients relate constipation to medications||approximately 30% of patients with constipation are on opioid treatments for chronic pain||about 34% may develop constipation after starting opioids,opioid use||chronic pain condition,lifestyle_modification||health_education||dietary_management,difficult to define onset after opioid initiation||lack of prior symptom inquiry,failure of first and second line laxative treatment||need for specialist medications,quality_of_life_decline||work_disability||absenteeism,61
11,Rocky Mountain Spotted Fever||RMSF,infectious||inflammatory||vascular,infectious_bacterial||inflammatory||vascular,Rickettsia rickettsii infection||tick-borne,laboratory_test||imaging,rash||fever||hyponatremia,encephalitis,skin||blood vessels||brain||cerebral white matter,oral_medication,doxycycline,high_mortality||full_recovery,,most common rickettsial disease in United States||age-related annual incidence 0.5-3 per million||reported in almost every state||higher rates in Native Americans||highest rates in Oklahoma||annual incidence 277.2 per million in Southern plains||annual incidence 104.6 per million in East||annual incidence 49.4 per million in Southwest,infection||environmental_exposure||other,,low sensitivity in early illness||delays in recognizing rash in darker-skinned individuals,higher risk of death with antibiotics other than doxycycline,,135
12,Acute Graft-Versus-Host Disease,iatrogenic||inflammatory,iatrogenic||inflammatory,bone marrow transplantation,,abdominal pain||hair loss||hepatitis||lung disorders||digestive tract disorders,,abdomen||liver||lung||digestive tract||skin,injection,Prochymal,high_mortality,,"3,500 to 4,000 children worldwide; up to 80% mortality",,,,,,74
13,Pyoderma gangrenosum,inflammatory,inflammatory,,,pain||ulceration,,skin,oral_medication,prednisolone||ciclosporin,,,,,,,,quality_of_life_decline,1769
14,Herpes Simplex Virus Infection||cold sores||genital herpes,infectious||genetic,infectious_viral||genetic_mutation,herpes simplex virus infection||genetic predisposition,,cold sores,dementia,facial skin||genital area,,,,,about 70 percent of the U.S. population,genetic_predisposition,vaccination,,,quality_of_life_decline,83
15,Asthma,autoimmune||allergic,autoimmune||allergic,allergic reaction||hypersensitivity||vitamin D deficiency,,wheezing||chest tightness||shortness of breath||coughing,,respiratory system,oral_medication||inhaler||dietary_intervention,Calcort||salbutamol||theophylline||vitamin D,,,mostly occurs during childhood,smoking||obesity||vitamin D deficiency,dietary_intervention,,,,1635
16,Legionnaires' Disease,infectious,infectious_bacterial,"Legionella bacteria in water systems such as poorly maintained air-conditioners, residential hot water systems and swimming pools",clinical_evaluation,fever||gastrointestinal issues||chest pain||shortness of breath||confusion,pneumonia,lungs,oral_medication,antibiotics,full_recovery||low_mortality,,"more common in older adults, smokers, alcoholics, people with cancer, diabetes, chronic respiratory or kidney disease, or weakened immune systems",age||smoking||alcohol_consumption||cancer||diabetes||chronic_disease||immunosuppression,environmental_control,,,,94
17,Cystic Fibrosis,genetic,genetic_mutation,,,,,lungs||pancreas,,,,,,,,,,,1361
18,Antibiotic-associated diarrhea,iatrogenic||infectious,iatrogenic,antibiotic use,,loose bowel motion||diarrhea,dehydration,gastrointestinal tract||intestine,dietary_intervention,probiotics,,,,,dietary_intervention,,,,103
19,Hemophilia B,genetic,genetic_mutation,lack of functional factor IX (FIX),,chronic pain||acute pain||bleeding||joint bleeds||mobility problems||pain/discomfort||anxiety||depression,arthritis||anxiety||depression||high blood pressure||gingivitis,joints||gums,injection,recombinant factor IX||Alprolix,chronic_condition||quality_of_life_impairment,chronic pain||mobility impairment,more common in males||median age 47,,,,high rates of chronic pain||high analgesia use||need for multidisciplinary care,mobility_impairment||chronic_pain||anxiety||depression||self_care_difficulty||quality_of_life_decline,106
20,Attention-Deficit Hyperactivity Disorder,psychiatric,,,clinical_evaluation,behavioral issues||developmental delay||learning disabilities||mood disorder||irritability,adverse educational outcomes||repeating a grade||special education services||expulsion||suspension,central nervous system,oral_medication||psychotherapy||lifestyle_modification,Ritalin||Adderall||Prozac||Strattera||antipsychotic drugs||antidepressants,chronic_condition||quality_of_life_impairment||variable,,8–10% of children in southeastern Virginia medicated for ADHD in mid-1990s||17% of white boys medicated in school for ADHD||63% of children young for their grade medicated for ADHD in one district||9% of students received ADHD medication in school||17% of all students in grades two through five had ADHD by parent report||33% of white boys (grades 2–5) purported to have ADHD||CDC: 11% of American children currently diagnosed with ADHD||CDC: 14% will receive a diagnosis of ADHD before age 15–17||CDC: nearly 20% of American boys diagnosed with ADHD by 15–17 years||ADHD is the most prevalent mental health diagnosis among children 3–17 years of age,gender||age||other,,nonspecific symptoms||disease mimics,overdiagnosis||overtreatment||polypharmacy||side effects||drug abuse||diversion||poor long-term efficacy,quality_of_life_decline||educational impairment||emotional_distress,109
21,Microcytic Anemia,genetic||congenital||nutritional||inflammatory||toxic||others,genetic_mutation||nutritional_deficiency||inflammatory||toxic||other,thalassemia||iron deficiency||chronic disease||lead poisoning||sideroblastic anemia,laboratory_test,pale skin||pale color inside the eyelids||pale color under the nails||weakness||tiredness||irritability||shortness of breath||rapid heart rate||pica,organ damage||death,red blood cells||bone marrow||critical organs,oral_medication||injection||surgery||dietary_intervention||others,iron supplements||antibiotics||hormones,full_recovery||partial_recovery||chronic_condition||variable,,8-44 percent in older men,genetic_predisposition||age||gender||chronic_disease||environmental_exposure||exposure_to_toxins||unhealthy_diet,dietary_management,asymptomatic||nonspecific symptoms,,fatigue,110
22,Birth Control Heart Attack,vascular||iatrogenic,vascular||iatrogenic,use of drospirenone/ethinyl estradiol birth control pills,clinical_evaluation||laboratory_test||imaging,chest pain||chest pressure||chest squeezing||arm pain||jaw pain||neck pain||stomach pain||fatigue,stroke||life-threatening clots in legs||life-threatening clots in lungs||arrhythmia||loss of heart function||death,heart||arteries||legs||lungs,surgery||drug_therapy||lifestyle_modification||others,insulin||glucose||calcium,high_mortality||quality_of_life_impairment||variable,,"women taking drospirenone/ethinyl estradiol birth control pills are two-to-three times more likely to develop blood clots than women taking birth control pills that do not contain this hormone combination||women as young as 35 who took Yaz, Beyaz, Yasmin, and similar drugs had elevated rates of myocardial infarction, or heart attack",age||drug_use,stop taking potentially harmful drugs,,,,116
23,Urinary Tract Infection,infectious||inflammatory,infectious_bacterial||inflammatory,bacterial exposure||injury,laboratory_test,inability to urinate||straining while trying to urinate||cloudy urine||bloody urine||excessive licking of the genital area||back pain||vomiting,,urinary tract,oral_medication,antibiotics,,,,,,,drug resistance,,132
24,Prostate Cancer,neoplastic,neoplastic,,laboratory_test||screening||clinical_evaluation||imaging,urinary_obstruction||enlarged_prostate,kidney_failure||acute_kidney_injury||urinary_obstruction||metastasis_to_liver||metastasis_to_bone||metastasis_to_lung||metastasis_to_lymph_nodes,prostate||kidney||bladder||liver||bone||lung||lymph_nodes,surgery||hormone_therapy||chemotherapy,finasteride,high_mortality||progressive||quality_of_life_impairment,chronic_kidney_disease,more_common_in_males||elderly_men||second_leading_cause_of_cancer_death_in_Australian_men,age||gender,screening,nonspecific_symptoms,side_effects||renal_failure_risk,urinary_dysfunction||sexual_dysfunction||quality_of_life_decline||anxiety,134
25,Gastroesophageal Reflux Disease||GERD,inflammatory,inflammatory,abnormalities of the antireflux barrier (lower esophageal sphincter),clinical_evaluation||endoscopy||functional_test,heartburn||chest pain||chronic hoarseness||chronic cough||regurgitation,erosive esophagitis||Barrett's esophagus||peptic esophageal strictures,esophagus,oral_medication||lifestyle_modification||surgery,omeprazole||lansoprazole||rabeprazole||pantoprazole||esomeprazole||cimetidine||ranitidine||baclofen||loxiglumide||morphine,chronic_condition||high_recurrence_risk||quality_of_life_impairment,,most common upper gastrointestinal disorder in the Western Hemisphere,,,,drug resistance||frequent relapse||side effects||poor adherence,quality_of_life_decline,1534
26,Thoracic Outlet Syndrome,traumatic||vascular||congenital||others,vascular||traumatic||congenital||other,injury in an automobile or motorcycle accident||repetitive stress injuries from sports or employment||pregnancy||anatomical differences like having an extra rib,clinical_evaluation,muscle wasting in the hands||numbness and tingling in the arms and fingers||aches and pains in the shoulder area||arm pain and swelling||weakening grip and arm strength,permanent nerve damage,nerves||veins||shoulders||hands||arms,physical_therapy||oral_medication||surgery,naproxen||ibuprofen,chronic_condition,permanent nerve damage,rare,injury in an automobile or motorcycle accident||repetitive stress injuries from sports or employment||pregnancy||anatomical differences like having an extra rib,,nonspecific symptoms||disease mimics,,chronic_pain||work_disability,156
27,Onchocerciasis,infectious||parasitic,infectious_parasitic,Onchocerca volvulus||black fly bite,,skin itching||vision impairment,,skin||eyes,oral_medication,Ivermectin,,,,,,,,,165
28,Depression,psychiatric,,,,,suicide,,,,,,over 322.48 million worldwide||more than 14 percent of India's population||majority older adult females in India,stress||bullying victimization||childhood sexual abuse||intimate partner violence||lead exposure||unhealthy lifestyles||financial stress||job cuts||social isolation,,,,quality_of_life_decline||social_isolation,1999
29,Opioid Addiction,,,,,,,,oral_medication,Suboxone||methadone||Vivitrol||naltrexone,,,"dealers from bigger cities are plying Jamestown with heroin||the town has experienced previously unseen gun violence including drive-by shootings, as well as a spike in property crimes linked to heroin||In 2012 Jamestown formed a metropolitan drug task force focused on the heroin influx. That same year, the task force seized 119 bags of heroin. In 2013 it seized 826 bags; in 2014, it seized 5,110 bags, which equates to 18 ounces; in 2015, it seized 31.6 ounces. In 2016 police confiscated 1,100 bags, though locals say the drug was as prevalent as ever.",occupational_exposure||chronic_pain||injury,,,poor_access||regulation||insurance_coverage||addiction_to_treatment_drugs,,670
30,Ear Infections,infectious||inflammatory,infectious_bacterial||infectious_viral||inflammatory,bacterial infection||viral infection,,pain||fussiness||reduced appetite||picking at ears,,ears,oral_medication||lifestyle_modification||others,antibiotics||pain medication||garlic mullein oil,high_recurrence_risk||full_recovery,,reoccurring in toddlers,,,,frequent relapse||symptom masking,emotional_distress||quality_of_life_decline,195
31,Lyme Disease,infectious,infectious_bacterial,,,,,,oral_medication,antibiotics,full_recovery||chronic_condition,,"300,000 Americans infected annually||up to 30,000 do not recover after treatment",,,,,quality_of_life_decline,1709
32,Opiate Dependency,psychiatric||toxic,toxic,substance abuse||heroin||prescription pain killers,,dependence,lost productivity||family problems||crime,,oral_medication||others,methadone,variable,,"permeated every generation, strata of society, and culture",chronic pain||surgery||sickle-cell||cancer,health_education||early_detection,,painful withdrawals||not very successful,loss of self esteem||loss of jobs||loss of families||loss of lives||social outcasts||criminals,214
33,Duchenne muscular dystrophy,genetic||degenerative,genetic_mutation||degenerative,genetic mutation,,muscle degeneration||muscle weakness||difficulty in walking||difficulty in breathing,heart damage||death in 20s or 30s,muscles||heart,injection||oral_medication,eteplirsen,high_mortality||progressive||quality_of_life_impairment,,nearly half of patients with DMD could benefit from new treatment||about 13 per cent of DMD patients eligible for eteplirsen,,,,limited applicability of current drugs||cost||regulatory hurdles,mobility_impairment||quality_of_life_decline,216
34,Vaccine-Induced Immune Thrombotic Thrombocytopenia (VITT),iatrogenic||vascular,iatrogenic||vascular,AstraZeneca Covid-19 vaccine,clinical_evaluation||imaging,neck pain||headaches||bruising,stroke||catastrophic brain bleeds||cerebral blood clots||cerebral infarction,brain,,,high_mortality||disability,,"438 cases in UK, 79 deaths (as of 23 February 2022)",vaccination,,,,,217
35,Allergic Reactions,allergic,allergic,,,sneezing||runny nose||itchy eyes||skin rashes||redness of the eyes,,,oral_medication,acrivastine,,,,,,,,,221
36,Poison Oak Rash,allergic||toxic,allergic||toxic,exposure to urushiol from poison oak,,itch||blisters||rash,,skin,oral_medication||others,Itch-X||Zanfel||Caladryl||Diprolene AF||Prednisone||Deltasone,,,,environmental_exposure,,,side effects||scarring,,225
37,Postpartum Depression and Anxiety,psychiatric,,,,excessive worry||fear||extreme sleep deprivation||difficulty sleeping||anger||frustration,,,psychotherapy,,,,1 out of 6 women experience a perinatal mood disorder or strong feelings of depression and/or anxiety within a year of the birth of their child,,,,,emotional_distress||stigma||social_isolation||quality_of_life_decline,226
38,Acute Appendicitis,inflammatory,,,clinical_evaluation||imaging,abdominal pain||palpable mass||obstruction||distension,,appendix,surgery,,,,less than 10% negative appendectomy in men||up to 20% negative appendectomy in women,,,imaging_limitations||operator_dependence,,,230
39,Influenza,infectious||inflammatory,infectious_viral||inflammatory,viral infection,clinical_evaluation,fever||difficulty breathing||vomiting||dehydration||dry lips||sunken eyes||listless||not eating,,respiratory system,vaccination||oral_medication,acetaminophen||ibuprofen,,,infects adults and children||flu season in North Texas||contagious as early as one day before symptoms develop – and up to five to seven days after,age||infection,vaccination,,,,232
40,Diabetes Mellitus,metabolic||endocrine,metabolic_disorder||endocrine_disorder,lack of insulin production||insulin resistance,laboratory_test,polyuria||polydipsia||weight loss||increased appetite||decreased appetite||cloudy eyes||chronic infections||recurring infections,metabolic starvation,pancreas||kidney||eye||skin||heart,injection||laboratory_test||dietary_intervention||lifestyle_modification,insulin||prednisone,chronic_condition||quality_of_life_impairment||life_threatening,,more common in female dogs||diagnosed in dogs age 7-10 years||diagnosed in cats age 6 years and older,obesity||hyperadrenocorticism||hyperthyroidism||pancreatitis||heart disease||kidney disease||urinary tract infections||skin infections||long-term use of corticosteroids,,,management complex,quality_of_life_decline,1954
41,Irritable Bowel Syndrome,idiopathic||inflammatory||psychiatric||others,idiopathic||inflammatory||other,unknown||gastrointestinal infection||stress||anger||microbial imbalance||endocannabinoid deficiency,clinical_evaluation,nausea||abdominal pain||cramping||gas||bloating||constipation||diarrhea||weight loss||rectal bleeding,depression||anxiety||panic disorders||psychotic disorders,large intestine||small intestine||colon,oral_medication||lifestyle_modification||dietary_intervention||others,THC||CBD,chronic_condition||quality_of_life_impairment||variable,,very common||more common in females||afflicts all ages||often young adults,infection||stress||other,,,poor efficacy||serious side effects||lack of clinical evidence,quality_of_life_decline||anxiety||depression,243
42,Low Back Pain,degenerative||traumatic||inflammatory||infectious||neoplastic||idiopathic||others,degenerative||inflammatory||traumatic||infectious_bacterial||neoplastic||idiopathic||other,musculoskeletal_strain||herniated_disc||compressed_nerve_root||degenerative_disc||joint_disease||vertebral_fracture||tumor||inflammatory_condition||infection||gallbladder_disease||kidney_stone||kidney_infection||aortic_aneurysm,clinical_evaluation||imaging,lower_back_pain||tenderness||diffuse_pain||coordination_impairment||bladder_control_loss||bowel_control_loss||sleep_disturbance,muscle_weakness||nerve_compression||disability,lumbar_spine||muscles||ligaments||tendons||discs||bones||nerves,oral_medication||physical_therapy||lifestyle_modification||surgery||injection||dietary_intervention,acetaminophen||paracetamol||NSAIDs||skeletal_muscle_relaxants,full_recovery||partial_recovery||chronic_condition||disability||variable,chronic_pain||disability,40_percent_lifetime_prevalence||up_to_80_percent_in_developed_world||80_percent_of_adults_experience,age||trauma||physical_activity||other,lifestyle_modification||regular_exercise||dietary_management,nonspecific_symptoms,side_effects||addiction_risk||negative_drug_interactions,chronic_pain||mobility_impairment||sleep_disorders||work_disability,251
43,Acne,infectious||inflammatory,infectious_bacterial||inflammatory,,,,,,oral_medication||lifestyle_modification,amoxicillin||ampicillin,,,,,,,drug resistance||side effects,,1416
44,Periodontal Disease,infectious||inflammatory,infectious_bacterial||inflammatory,bacteria||genes||disease||trauma,clinical_evaluation||imaging,bleeding from the gums||bone loss||excessive tooth mobility||gum recession||exudate pus||clear fluid along or under the gumline,periodontal pockets,gums||bone,surgery||oral_medication,antibiotics,,,,,personal_hygiene,,,,263
45,Panic Disorder,psychiatric,,,,recurrent panic attacks||severe anxiety||rapid heart rate||difficulty breathing||heart races||palms get sweaty||can't breathe||lightheaded||intense fear of dying,agoraphobia||irritable bowel syndrome||asthma||migraine||atypical chest pain,,,,,,,,,,,work_disability,273
46,Trigeminal Neuralgia,idiopathic||degenerative||vascular||traumatic||infectious||neoplastic||others,idiopathic||degenerative||vascular||traumatic||infectious_viral||neoplastic||other,compression of trigeminal nerve||tumour||pressure from blood vessels||aneurysm||multiple sclerosis||nerve injury||shingles||post-herpetic neuralgia||trauma||infection||degeneration of teeth or jaw||ageing process,clinical_evaluation||imaging,"unilateral facial pain||paroxysmal pain||sudden severe pain||sharp pain||stabbing pain||burning pain||shooting pain||electric shock-like pain||pain triggered by touch, eating, washing, shaving, brushing teeth, or talking||pain intensifies over time||pain spreads to larger areas of the face||background dull aching pain||continuous pain||wincing",poor oral hygiene||weight loss||reluctance to socialise||depression||anxiety,trigeminal nerve||face,oral_medication||surgery||physical_therapy||psychotherapy||others,carbamazepine||phenytoin||lamotrigine||gabapentin||baclofen||amitriptyline||capsaicin||mexiletine||clonazepam||local anaesthetics||non-steroidal anti-inflammatory drugs||opioids,chronic_condition||progressive||remission_possible||quality_of_life_impairment||variable||unknown,,"prevalence 1 per 1,000||average age of onset 50||more common in women||incidence increases with age",age||gender||family_history||other,,nonspecific symptoms||lack of objective tests||normal physical and neurological examinations,drug side effects||treatment intolerance||insufficient evidence for many interventions||complex pain management,chronic_pain||anxiety||depression||social_isolation||quality_of_life_decline||self_care_difficulty||dietary_restriction,277
47,Irregular Heart Rhythm,vascular||iatrogenic,iatrogenic,azithromycin (Zithromax or Zmax) use,clinical_evaluation||functional_test,irregular heartbeat||shortness of breath||dizziness||fainting,death,heart,,azithromycin||Zithromax||Zmax,high_mortality,,,slower than normal heart rate||use of certain drugs prescribed to treat arrhythmias||existing QT interval prolongation,,,,,278
48,Chronic Fatigue Syndrome||myalgic encephalomyelitis,psychiatric||infectious_viral||idiopathic,psychiatric||infectious_viral||idiopathic,psychological factors||stress||viruses related to mouse leukemia viruses,clinical_evaluation,fatigue||physical functioning impairment,,,psychotherapy||physical_therapy||lifestyle_modification,antiretroviral drugs,chronic_condition||quality_of_life_impairment,,,stress,,nonspecific symptoms||variable diagnostic criteria,poor insurance coverage||treatment may worsen symptoms||exclusion of severe cases,fatigue||disability||quality_of_life_decline,288
49,Anxiety Disorders,psychiatric,,stress||substance abuse||job stress,clinical_evaluation,headache||irrational fear||nervousness||nausea||vomiting||panic attacks||fear||excessive worry||sweating,,,oral_medication||psychotherapy||lifestyle_modification||dietary_intervention||regular_exercise||relaxation_techniques||meditation,,,,An estimated population of around 20million adults in America is affected with some form of anxiety disorders.,alcohol_consumption||smoking||stress||unhealthy_diet||caffeine,lifestyle_modification||regular_exercise||dietary_management||relaxation_techniques||meditation,,side effects,quality_of_life_decline||emotional_distress,291
50,Fibromyalgia,neurological||metabolic||chronic,neurological_disorder||metabolic_disorder,Clinical Endocannabinoid Deficiency (CECD) (under study)||unknown,,chronic fatigue||joint stiffness||insomnia||overall weakness||digestive trouble||headache||anxiety||fibro fog,,nervous system||joints||digestive system,oral_medication||lifestyle_modification||others,medical marijuana||Nabilone||Lyrica||Cymbalta||Savella,chronic_condition||quality_of_life_impairment,,over five million Americans||most are women,gender,,misdiagnosis||misunderstood,current medical treatments fall far short||side effects of pharmaceutical drugs,chronic_pain||fatigue||sleep_disorders||anxiety||cognitive_impairment||quality_of_life_decline||self_care_difficulty,1206
51,Idiopathic Intracranial Hypertension,idiopathic,idiopathic,,clinical_evaluation||imaging||laboratory_test||functional_test,blurred vision||papilloedema||macular oedema||visual field abnormality,visual field defects||permanent visual loss,optic nerve||eye||nervous system,oral_medication,acetazolamide||oral corticosteroids,partial_recovery||variable,visual field defects,,,,,poor response to standard medical therapy,,1821
52,Absence Seizures,,,,,missing time||falls,,,,lamictal||keppra||topomax,,,,,,,drug not working||intolerance to medication||limited options,quality_of_life_decline||mobility_impairment,298
53,Situational Anxiety,psychiatric,other,stressful situations or events,,fast heart rate||shaky voice||shaky hands||sweating||dizziness||racing heart,,heart||nervous system||adrenal glands,oral_medication,Propranolol,,,,stress,,,,anxiety||emotional_distress,306
54,Immune Reconstitution Syndrome (IRS),infectious||inflammatory||iatrogenic,inflammatory||infectious_bacterial||infectious_viral||infectious_fungal||iatrogenic,initiation of HAART in HIV-infected patients,clinical_evaluation||laboratory_test,fever||dyspnea||abdominal pain||diarrhea||headache||weakness||lymphadenitis||subcutaneous nodules||abnormal skin lesions,significant morbidity||mortality,lymph nodes||lungs||skin||central nervous system,oral_medication||injection,acyclovir||amphotericin B||corticosteroids,variable||significant morbidity||occasional mortality,,19% incidence in HIV-infected children after HAART initiation,immunosuppression||low baseline CD4 lymphocyte count,,,,,307
55,Heart Failure,degenerative||vascular||others,degenerative||vascular||other,chronic disease||trauma||infection||drugs||poisons||electric shock||heat stroke||tumors||valve disease||left-to-right shunts,clinical_evaluation||imaging,collapse||coughing||shallow rapid breathing||swelling||weakness||weight loss||heart murmur||rapid heart rate||throbbing of the jugular veins||swelling along the surface of the abdomen,congestive heart failure,heart||lungs||abdomen||chest cavity,oral_medication||surgery,diuretics||digitalis||digoxin||ACE inhibitors||vasodilators||beta-blockers||calcium channel blockers,variable||chronic_condition,,rare in horses,,,,,,953
56,COVID-19,infectious,,,,,,,oral_medication,molnupiravir,,,,age||chronic_disease,,,,,1962
57,Stomach Cancer,neoplastic,neoplastic,"eating foods preserved by drying, smoking, salting, or pickling||smoking cigarettes",endoscopy||biopsy||imaging,vomiting blood||passing black tar-like stools||indigestion||heartburn,,stomach||nearby organs||lymph nodes,surgery||radiotherapy||chemotherapy||biological_therapy||dietary_intervention,,,,"about 24,600 new cases per year in the United States||more than 10,000 deaths per year in the United States||most frequently in people 65 years of age or older||much more common in Japan, Chile, and Iceland",age||smoking||unhealthy_diet,,nonspecific symptoms||difficult to find early,difficult to cure,dietary_restriction,315
58,Plaque Psoriasis,inflammatory,inflammatory,,clinical_evaluation||biopsy,loss of granular layer||thickened stratum corneum,hyperuricemia||low folate levels,skin||dermis,,,,,,,,diagnostic_uncertainty,,,316
59,Tuberculosis,infectious||inflammatory,infectious_bacterial||inflammatory,Mycobacterium tuberculosis infection,laboratory_test||imaging,prolonged cough||coughing up blood,,lungs,,,,,,,,disease mimics||nonspecific symptoms,,,712
60,Parasitic Infections (Tapeworm),infectious||parasitic,infectious_parasitic,tapeworm infection,,gastrointestinal disturbances||abdominal pain||nausea||vomiting||dizziness||headache||fever||hair loss,,intestinal wall,oral_medication,albendazole,,,,,,,,,326
61,Systemic Lupus Erythematosus||SLE,autoimmune||inflammatory,autoimmune||inflammatory,,clinical_evaluation,rash||fever||mouth ulcer||weight loss,disability||nerve damage,any organ||joints||small joints in hand||bones,oral_medication||injection||surgery||lifestyle_modification||dietary_intervention||physical_therapy,corticosteroid,chronic_condition||disability||quality_of_life_impairment||variable,disability||nerve damage,affects young boys and girls||can affect any age,obesity,early_detection||dietary_management||exercise||vitamin_D_supplementation,misdiagnosis||nonspecific_symptoms,high_cost||few_rheumatologists||poor_access_to_care,disability||quality_of_life_decline||financial_burden,339
62,Metastatic Colorectal Cancer||mCRC,neoplastic,,,,fatigue,,,oral_medication||chemotherapy||lifestyle_modification,regorafenib,,,,,,,,fatigue||quality_of_life_decline,344
63,Acute Bacterial Prostatitis,infectious||inflammatory,infectious_bacterial||inflammatory,bacteria based in the large intestines or urinary tract,,fever||chills||body aches||back pains||urination problems,,prostate gland||urinary tract,oral_medication,antibiotics||non-steroid anti-inflammatory drugs (NSAIDs),,,least common of most kinds of prostate infection,,,,,,353
64,Secondary Peritonitis,inflammatory,inflammatory,,,,sepsis||multiple organ failure,abdominal wall||intra-abdominal organs,surgery,,high_mortality,,high rate of death (20-60 percent),,,,,,356
65,Opioid Use Disorder,,,,,,,,oral_medication||injection,methadone||buprenorphine||naltrexone,,,,,,,,,362
66,Essential Hypertension,,,,,,,heart||brain||arteries||vascular,dietary_intervention,Ginkgo biloba,stable,,,,lifestyle_modification,,,,363
67,Huntington's disease||Huntington's Chorea,genetic||degenerative||psychiatric,genetic_mutation||degenerative,genetic disorder||abnormal CAG repeats in gene,,movement disorders||behavioral changes||psychiatric disorders||low movements of eye||muscle stress||communication difficulties||loss of confidence||difficulty with simple tasks||change in attitude||loss of interest||loss of sexual desire||learning difficulties||sadness||forced smile||loss of energy||fatigue,,brain||basal ganglia||cortex||striatum||caudate nuclei||pallidium,oral_medication||lifestyle_modification,Tetrabenazine||Antipsychotic drugs||Antidepressants||Mood-stabilizing drugs,incurable||progressive||quality_of_life_impairment,,affects both men and women equally||most common in middle age||only in 7% cases starts before age 21||most common in western Europe||also in Australia and North America||rare in Asia,family_history||genetic_predisposition||age||social_isolation,lifestyle_modification||socialization,,incurable||no proper cure,emotional_distress||mental_impact||social_isolation||economic_burden||quality_of_life_decline,364
68,Heart Murmur,,,,clinical_evaluation,chest pain||faintness||fainting||dizziness||palpitations||leg swelling||weakness||fatigue||shortness of breath during exertion,,,oral_medication||surgery,blood thinners,,,,,,,,,380
69,Charcot Neuropathic Osteoarthropathy,metabolic||degenerative||inflammatory||traumatic||vascular||idiopathic,metabolic_disorder||inflammatory||degenerative||traumatic||vascular||idiopathic,diabetes mellitus||sensory-motor neuropathy||autonomic neuropathy||trauma||metabolic abnormalities of bone||idiopathic neuropathy||alcoholism||rheumatoid arthritis,clinical_evaluation||imaging||biopsy||laboratory_test,swollen foot||warm foot||erythema||pain||increased foot size||oedema||hyperthermia||reduced sensation||pallanaesthesia,bone destruction||subluxation||dislocation||deformity||ulcer||superinfection||amputation||multiorgan dysfunction syndrome||death,foot||ankle||bone||joints||ligaments||tendons,physical_therapy||surgery||lifestyle_modification||others,amoxicillin||clavulanic acid||piperacillin||tazobactam||cefazolin||diuretics,high_mortality||disability||progressive||quality_of_life_impairment||variable,deformity||amputation||mobility impairment,more common in diabetes mellitus patients||elderly||male||western world,diabetes||chronic_disease||age||trauma||neuropathy||alcohol_consumption||rheumatoid arthritis,early_detection||lifestyle_modification||health_education,nonspecific symptoms||disease mimics||lack of early biomarkers,poor adherence||lack of effective pharmacologic therapy||risk of relapse||comorbidities||surgical risk,mobility_impairment||chronic_pain||self_care_difficulty||quality_of_life_decline||work_disability,381
70,HIV-1 Infection,infectious,infectious_viral,,laboratory_test,,,,oral_medication,Raltegravir||Nucleoside/Nucleotide reverse transcriptase inhibitor||TDF/FTC||ABC/3TC||TAF/FTC,,,,,,,,quality_of_life_decline,385
71,Celiac Disease,genetic||autoimmune,genetic_mutation||autoimmune,genetic predisposition||gluten ingestion,clinical_evaluation,headache||stomachache||fatigue||swelling||bruising in the gut||trouble digesting food||diarrhea||bloating||indigestion||difficulties breathing||difficulty swallowing||difficulty moving arms or legs,,gut,dietary_intervention||oral_medication,anti-inflammatory medication,,,as many as thirty-five percent of the population,genetic_predisposition,dietary_management,nonspecific symptoms||disease mimics,,dietary_restriction||fatigue||quality_of_life_decline,1909
72,Rabies,infectious||inflammatory,infectious_viral||inflammatory,viral infection||dog bite,laboratory_test||clinical_evaluation,hydrophobia||fever||headache||sore throat||pain while drinking water,encephalitis||death||severe neurological complications,brain||nervous system,injection,anti-rabies vaccines||immunoglobulins,high_mortality||severe neurological complications,severe neurological complications,"35 cases with 33 deaths in Sarawak since July 1, 2017||two surviving cases are children",infection||dog bite||lack of wound treatment,vaccination||personal_hygiene,,,severe neurological complications,392
73,Human African Trypanosomiasis (Sleeping Sickness),infectious||parasitic,infectious_parasitic,Trypanosoma brucei gambiense infection||Trypanosoma brucei rhodesiense infection,,fever||headaches||joint pains||itching||disruption of sleep/wake patterns,deterioration in neurological function||death,blood||lymph||subcutaneous tissues||central nervous system,oral_medication||injection,pafuramidine||pentamidine,progressive||high_mortality,,T.b. gambiense is found in 24 countries in west and central Africa and currently accounts for over 98% of reported cases of sleeping sickness,infection,,,limited treatment options,sleep_disorders,393
74,Diabetic Peripheral Neuropathy,metabolic||vascular,metabolic_disorder||vascular,diabetes,clinical_evaluation||screening,neuropathic pain,,peripheral nervous system,oral_medication||physical_therapy,amitriptyline||tramadol||mexiletine||gabapentin||phenytoin||carbamazepine||nortriptyline||imipramine||pregabalin||duloxetine||venlafaxine||valproate||capsaicin||morphine sulfate||Cymbalta||Elavil||Tramadol||Neurontin||prostaglandin E1||methylcobalamin||lipoic acid,chronic_condition,,more common in diabetes patients||10% prevalence depending on screening,diabetes,,,side effects,chronic_pain,401
75,Crohn's disease,inflammatory,inflammatory,,,diarrhea||stomach pain||cramps||fatigue||bloody stools||mouth sores||weight loss||joint pain||back pain||changes in vision||fever,,intestines||joints||back||mouth||eyes,oral_medication,steroids,chronic_condition||remission_possible,,,,,,side effects||poor adherence||withdrawal symptoms,fatigue||chronic_pain||dietary_restriction||quality_of_life_decline,1890
76,Osteoarthritis,,,,,,,joints,,calcitonin,,,,,,,,,959
77,Advanced Breast Cancer,neoplastic,,,,hot flashes||nausea||asthenia||pain||headache||back pain||bone pain||increased cough||dyspnea||pharyngitis||peripheral edema,,breast,oral_medication,anastrozole,,,,,,,side effects,,417
78,Alzheimer's Disease,degenerative,degenerative,genetic||physical||environmental,clinical_evaluation,short term memory impairment||word finding problems||direction finding problems||repetitive questions||difficulty managing familiar tasks,,medial temporal lobes||brain,oral_medication,cognitive enhancers||anti-depressants,chronic_condition||progressive||quality_of_life_impairment,,Over 44 million people worldwide||new case every four seconds||symptoms first appear in mid-sixties,age||genetic_predisposition||environmental_exposure||physical,,lack of simple diagnostic test||brain pathology starts decades before symptoms,no cure,self_care_difficulty||dependence_on_others||anxiety||quality_of_life_decline,1567
79,Cancer,neoplastic,neoplastic,,,,bloodstream infections,,chemotherapy,Dronabinol||Nabilone,high_mortality,,,,,,,quality_of_life_decline,419
80,Sinus Migraine,inflammatory||idiopathic||others,inflammatory||idiopathic||other,,clinical_evaluation,nasal congestion||tearing of the eyes||runny nose||ear pain||ear pressure||dizziness||head pain||nausea||light sensitivity||sound sensitivity||smell sensitivity||pressure across the forehead||pain behind the eyes||pain behind the nose||pain beneath the cheeks,,sinuses||nervous system||trigeminal nerve||autonomic nervous system,oral_medication,triptans,,,most common in middle aged women||worsen with menopause,family_history||age||gender,,disease mimics||nonspecific symptoms,poor response to standard sinusitis treatments,,453
81,Major Depressive Disorder,psychiatric,other,injury||chronic pain||financial hardship||family strife||belief that return to employment is improbable,clinical_evaluation,depressed mood||irritability||forgetfulness||impatience||lethargy||neglect self-care||complain bitterly,recurrence,,psychotherapy||oral_medication,anti-depressant medication,high_recurrence_risk,,5%-9% of women||2%-3% of men,injury||chronic pain||financial hardship||family strife,,denial of need for care||dismissal of diagnosis||ridicule of need for care,poor adherence||discontinuation of medication||self-adjustment of dosage,burdensome to family||irritability||forgetfulness||impatience||lethargy||neglect self-care,1796
82,Peripheral Arterial Disease||Atherosclerotic Peripheral Arterial Disease||Arm Artery Disease||Circulation Problems||Leg Artery Disease,vascular||degenerative,vascular||degenerative,atherosclerosis||smoking||diabetes||high blood cholesterol||high blood pressure,clinical_evaluation||screening||laboratory_test||imaging||functional_test,intermittent claudication||pain when walking||pain when climbing stairs||pain||numbness||aching||heaviness in muscles||cramping in legs||cramping in thighs||cramping in calves||cramping in feet||weak pulse in legs||absent pulse in legs||sores on toes||sores on feet||sores on legs||slow wound healing||poor wound healing||color changes in skin||paleness||cyanosis||decreased temperature in one leg||poor nail growth||decreased hair growth on toes||decreased hair growth on legs||erectile dysfunction,heart attack||heart disease||stroke||kidney failure||gangrene||chronic limb ischemia||ulcers||tissue death,arteries||legs||feet||toes||limbs||muscles||skin,lifestyle_modification||oral_medication||surgery||others,lovastatin||simvastatin||pravastatin||fluvastatin||atorvastatin||ezetimibe||gemfibrozil||clopidogrel||aspirin||pentoxifylline||cilostazol||ACE inhibitors||ARBs||beta-blockers||diuretics||calcium channel blockers,chronic_condition||disability||quality_of_life_impairment||progressive,chronic pain||mobility impairment||ulcers||tissue death||gangrene,8 to 12 million in US||5 percent of US adults over 50||12 to 20 percent of adults over 65,smoking||diabetes||kidney disease||hypertension||hyperlipidemia||heart disease||family_history||age,lifestyle_modification||screening||dietary_management||regular_exercise||early_detection,asymptomatic||nonspecific symptoms,poor adherence||progression despite treatment,mobility_impairment||chronic_pain||quality_of_life_decline,467
83,Cystoid Macular Edema,inflammatory,inflammatory||autoimmune||vascular,uveitis,imaging||clinical_evaluation,reduced vision,glaucoma||optic nerve involvement||vitreous opacification||cataract formation,retina||macula||eye,oral_medication||injection||surgery,prednisone||dexamethasone||fluocinolone acetonide||triamcinolone acetonide||acetazolamide||octreotide||bevacizumab||mycophenolate mofetil||methotrexate||bromfenac||ketorolac tromethamine,chronic_condition||remission_possible||high_recurrence_risk||quality_of_life_impairment||variable,macular atrophy||permanent structural changes,The estimated annual incidence of uveitis is 17—52 cases perUveitis is predominately a disease of adults between 20 and 60 years.,smoking,,no way of differentiating treatment-induced disease quiescence from spontaneous disease remission,treatment remains challenging||side effects||prolonged costly treatment||no clear silver bullet for therapy,quality_of_life_decline,476
84,Preeclampsia,vascular||inflammatory||idiopathic,vascular||inflammatory||idiopathic,blood vessel issues||genetic factors||autoimmune disorders||insufficient blood flow into the uterus,clinical_evaluation||laboratory_test,high blood pressure||proteinuria||swelling of feet||swelling of hands||edema||headache||abdominal pain||reduced urination,eclampsia||seizures||stroke||severe bleeding||HELLP syndrome||death,placenta||liver||kidney,oral_medication||injection||lifestyle_modification||dietary_intervention,antihypertensives||anticonvulsants,variable||high_mortality,,close to 5% of pregnant women get preeclampsia,family_history||chronic_disease||age||multiple_fetuses||short_intervals_between_births||obesity||in vitro fertilization||hypertension||kidney_disorders||diabetes||migraines||lupus||blood_clots||new_paternity,lifestyle_modification||dietary_management,nonspecific symptoms||lack of early biomarkers,no definitive treatment||cannot be treated till delivery,,487
85,Acute Intermittent Porphyria,genetic||metabolic,genetic_mutation||metabolic_disorder,"HMBS gene mutation||deficiency of porphobilinogen deaminase||triggers (certain drugs, alcohol, fasting, stress, infections, hormonal factors)",laboratory_test||genetic_testing||clinical_evaluation,abdominal pain||vomiting||hypertension||tachycardia||nausea||constipation||diarrhoea||abdominal distension||cardiac arrhythmias||urinary retention||numbness||tingling||burning sensations||motor impairment||respiratory failure||seizures||irritability||depression||anxiety||insomnia||hallucinations||paranoia||disorientation||altered consciousness||weakness,depression||anxiety||hepatocellular carcinoma||renal dysfunction||recurrent acute attacks||permanent neurological damage||death,liver||nervous system||kidneys,injection||oral_medication||dietary_intervention||lifestyle_modification||surgery,haemin||panhaematin||haem arginate||dextrose||cimetidine||phenothiazine drugs||ondansetron||gabapentin||benzodiazepines||beta-blockers||angiotensin-converting enzyme inhibitors||calcium channel blockers||antidepressants||oral contraceptives||gonadotropin-releasing hormone analogues||leuprolide||paracetamol||pantoprazole||itopride||sucrose aqua gel||cremaffin||glycerin enema,variable||full_recovery||high_recurrence_risk||asymptomatic,permanent neurological damage||renal dysfunction||hepatocellular carcinoma||depression||anxiety,"1 per 500–50,000 people||more common in women (1.5 to 2:1)||rare before puberty||typical age 18-40||prevalence in Europe 5.9 per million",genetic_predisposition||gender||age||alcohol_consumption||stress||infection||exposure_to_toxins||other,lifestyle_modification||dietary_management||health_education||early_detection,nonspecific symptoms||disease mimics||delayed diagnosis,high_recurrence_risk||need to avoid triggers||delayed treatment,mobility_impairment||chronic_pain||anxiety||depression||dietary_restriction||dependence_on_others||quality_of_life_decline,489
86,Psoriatic Arthritis||PsA,autoimmune||inflammatory,autoimmune||inflammatory,immune system overactivity||psoriasis,clinical_evaluation||laboratory_test||imaging||screening,joint stiffness||joint pain||joint swelling||fatigue,cardiovascular disease||metabolic syndrome||atherosclerosis||hyperlipidemia||hypertension||type 2 diabetes||gout||hyperuricemia||endothelial dysfunction||heart failure||depression||anxiety,joints||skin||cardiovascular system||blood vessels,oral_medication||injection||lifestyle_modification||dietary_intervention,TNF inhibitors||apremilast||NSAIDs||steroids||statins||aspirin,chronic_condition||quality_of_life_impairment||variable,,"risk of cardiovascular disease is as much as 43 percent higher than that of people without PsA||Out of 283 people with psoriatic arthritis, 44 percent had metabolic syndrome",obesity||overweight||hypertension||hyperlipidemia||diabetes||smoking||chronic_disease||unhealthy_diet||sedentary_lifestyle,lifestyle_modification||dietary_management||regular_exercise||screening,nonspecific symptoms||symptom attribution to PsA,side effects||cardiovascular risk of some drugs,chronic_pain||fatigue||work_disability||quality_of_life_decline,490
87,Bell's palsy,idiopathic||inflammatory||infectious_viral,infectious_viral||inflammatory||idiopathic,reactivation of latent herpes simplex virus||reactivation of varicella zoster virus||unknown cause,imaging||clinical_evaluation||laboratory_test||functional_test,acute peripheral facial paralysis||facial weakness,permanent facial weakness||severe corneal damage||disfiguring||social isolation||psychological morbidity||debilitating,facial nerve,oral_medication||injection,prednisone||methylprednisolone||acyclovir||famciclovir||valacyclovir||Famvir,full_recovery||partial_recovery||variable,permanent facial weakness,"annual incidence of 20 to 30 cases per 100,000 persons",age||diabetes||hypertension,,,no established treatment for nonrecovering cases,disfiguring||social_isolation||psychological_morbidity||debilitating,491
88,Sarcopenia,degenerative||nutritional||endocrine||inflammatory,degenerative||nutritional_deficiency||endocrine_disorder||inflammatory,lack of physical activity||poor diet||questionable lifestyle vices||systemic inflammatory disorders||decreased growth hormone levels||significant underlying medical problem,clinical_evaluation||functional_test||imaging,decline in muscle mass||decline in muscle strength||decline in muscle function||bone fractures||difficulty standing||difficulty walking||body pains||balance maintenance issues||diminished life span||fear of injury||reluctance to venture away from home||isolation||avoidance||anxiety||depression||difficulty caring for self||difficulty driving||difficulty shopping||difficulty bathing||difficulty dressing||difficulty completing household chores,bone fractures||diminished life span||other serious illnesses||premature death||mental health problems||anxiety||depression||isolation||avoidance,muscles,physical_therapy||lifestyle_modification||dietary_intervention||oral_medication,HGH,partial_recovery||chronic_condition||progressive||quality_of_life_impairment||variable,,one in three adults aged 60 and over||can occur in younger individuals,age||sedentary_lifestyle||unhealthy_diet||chronic_disease||endocrine_disorder||other,lifestyle_modification||regular_exercise||dietary_management,nonspecific symptoms||mistaken for normal aging,,mobility_impairment||chronic_pain||anxiety||depression||social_isolation||self_care_difficulty||dependence_on_others||quality_of_life_decline,492
89,Advanced Non-Small Cell Lung Cancer||advanced non-small–cell lung cancers||NSCLC||non-small cell lung cancer||non-squamous NSCLCs||squamous NSCLCs,neoplastic||inflammatory,neoplastic||inflammatory,,clinical_evaluation||laboratory_test||imaging,,,lungs||bone,injection||chemotherapy||immunotherapy,nivolumab||docetaxel,high_mortality||variable||progressive||quality_of_life_impairment,,more common in older adults||median age 59.5-62 years||more common in non-squamous histology among long responders,age||smoking,,,only a minority benefit from immunotherapy||high cost||identifying responders is critical,quality_of_life_decline,493
90,Peritonitis,infectious||inflammatory,infectious_bacterial||inflammatory,Staphylococcus aureus||Ewingella americana||disruption of the peritoneum||catheterization||hospital water sources,clinical_evaluation||laboratory_test,generalized abdominal pain||decreased appetite||left chest pain||pressure||tenderness||positive rebound,,peritoneum||abdomen,injection,vancomycin||amikacin||tobramycin||ceftazidime||cefepime||aztreonam||imipenem||gentamicin||ciprofloxacin||piperacillin||tazobactam||levofloxacin,,,,chronic_disease||catheterization||infection||hospital_environment,,,,,509
91,Atrial Fibrillation,vascular||degenerative,vascular,,,,stroke||death||serious disability,heart||brain,oral_medication,aspirin||warfarin,disability||high_mortality||quality_of_life_impairment,,"about 80,000 strokes a year||fivefold increased stroke risk",age,prophylactic_medication,,,,1924
92,Primary Biliary Cholangitis,,,,laboratory_test||imaging||biopsy,itch,,liver,oral_medication,URSO,,,,,,nonspecific_symptoms||biopsy_inaccuracy,only_one_drug_available,dietary_restriction,515
93,Drug Resistant Tuberculosis (DR TB),infectious,infectious_bacterial,drug resistance||bacterial infection,laboratory_test||clinical_evaluation,cough||weakness,,lungs,oral_medication,Rifampicine,full_recovery||high_mortality,,558000 cases worldwide in 2017||82% MDR-TB among RR-TB||8.5% XDR-TB among MDR-TB||741 DR-TB cases in Ethiopia in 2018,,,,drug resistance||poor response to first-line drugs,stigma||work_disability||financial_burden||quality_of_life_decline,519
94,Sinus Infection,,,,,Yellow drainage||jaw pain||tooth pain||sensitivity to cold fluids,,,oral_medication,antibiotic,,,,,,,,,521
95,Premenstrual Syndrome,,,,,,,,,vitamin B6,,,,,,,,,544
96,Hypertension,vascular,vascular,high salt intake||electrolyte imbalance||low potassium intake,,,cardiovascular problems,heart||blood vessels,lifestyle_modification||dietary_intervention,,,,,unhealthy_diet||high_salt_intake||low_potassium_intake,lifestyle_modification||dietary_management,,poor adherence,,583
97,Gut Microbiome Imbalance,iatrogenic||infectious||nutritional||others,iatrogenic||infectious_bacterial||nutritional_deficiency||other,medication use||antibiotics||lack of exposure to germs and bacteria,clinical_evaluation,bloating||gas||diarrhoea||stomach pain||nausea,,gut,lifestyle_modification||dietary_intervention,antibiotics,full_recovery||chronic_condition,,,medication use||antibiotics||lack of exposure to germs and bacteria,lifestyle_modification||dietary_management,,,,564
98,Benign Prostatic Hypertrophy (BPH),,,,,increased urinary frequency,,prostate||urethra,oral_medication||surgery,Alpha-blockers||5-alpha-reductase inhibitors,,,about half of all men by age 60||almost all men by age 80,age,prophylactic_medication||screening,,,,566
99,Leptospirosis,infectious,infectious_bacterial,"Infected animals spread the disease through their urine. Places that attract large numbers of dogs and humans, like dog parks, tend to serve as the epicenter for infection. Contaminated water is the most common means of exposure, but contact with infected food or soil can also transmit lepto. Since the bacteria can live in the environment for months, you will need to keep prevention measures in mind even after the epidemic slows down.",clinical_evaluation||laboratory_test,vomiting||fever||abdominal tenderness||diarrhea||diminished appetite||physical weakness,kidney failure,kidney,oral_medication,antibiotics,variable,,"Ask any veterinarian in Phoenix, AZ and chances are, they have encountered at least one case of canine leptospirosis. Also referred to as ""lepto"", this disease can pass between animals and humans. ... Places that attract large numbers of dogs and humans, like dog parks, tend to serve as the epicenter for infection.",environmental_exposure||infection,vaccination||personal_hygiene||environmental_control,nonspecific symptoms,"Late discovery of the disease reduces survival chances. The vaccine remains in development, so it may not be effective for all cases. ... Also, the vaccination often works just for the short term.",,585
