generic_name,brand_name,disease_name,indication,active_ingredients,pharmaceutical_form,manufacturer,administration_route,recommended_usage,single_dose,dosage_frequency,mechanism_of_action,side_effects,activation_conditions,prescription_status,unsuitable_population,storage_conditions,"ID"
Pravastatin,APLACTIN,Hypercholesterolemia||Mixed dyslipidemia||Cardiovascular disease||Myocardial infarction||Unstable angina pectoris||Hyperlipidemia (post-transplant),high cholesterol||high blood fat||prevention of cardiovascular events||history of myocardial infarction||unstable angina||post-transplant hyperlipidemia,Pravastatin sodium salt,tablet,,oral,take with or without food||at fixed time,adults 10-40 mg once a day||cardiovascular prevention 40 mg per day||post-transplant (immunosuppressive therapy) 20 mg per day (up to 40 mg)||renal or hepatic insufficiency 10 mg per day,once daily,"competitive inhibition of HMG-CoA reductase, reduces cholesterol synthesis, increases LDL receptor expression, increases LDL catabolism, inhibits VLDL synthesis",muscle pain||joint pain||muscle cramps||muscle weakness||elevated creatine kinase||increased liver enzymes||dizziness||headache||sleep disturbances||insomnia||nightmares||vision disturbances||blurred vision||double vision||digestive disorders||abdominal pain||nausea||vomiting||constipation||diarrhea||bloating||itching||rash||hives||hair changes||hair loss||difficulty urinating||frequent urination||nocturia||peripheral polyneuropathy||paraesthesia||anaphylaxis||angioedema||lupus erythematosus-like syndrome||jaundice||hepatitis||fulminant hepatic necrosis||rhabdomyolysis||myopathy||interstitial lung disease||diabetes mellitus||dermatomyositis,no special condition,prescription_only,"children under 18||pregnant women||breastfeeding women||patients with active liver disease||patients with persistent elevated transaminases||patients with hereditary problems of galactose intolerance, Lapp lactase deficiency, or glucose-galactose malabsorption",store at room temperature,391379
Ropinirole,REQUIP||REQUIP XL,Parkinson's disease,signs and symptoms of idiopathic Parkinson's disease,Ropinirole hydrochloride,tablet,GlaxoSmithKline (GSK),oral,take with or without food,adults 2 mg,once daily,non-ergoline dopamine agonist,nausea||dizziness||drowsiness||sleepiness||headache||dyskinesia||increase or decrease in blood pressure||increase or decrease in heart rate||hallucinations||gambling urges||sexual urges||other intense urges,no special condition,prescription_only,,,75060
mepolizumab,Nucala,severe eosinophilic asthma||eosinophilic granulomatosis with polyangiitis||chronic obstructive pulmonary disease,severe asthma||eosinophilic phenotype||eosinophilic granulomatosis with polyangiitis,mepolizumab,injection,GSK,subcutaneous,,patients with severe asthma aged 12 years and older 100 mg || adult patients with EGPA 3x100 mg,,,,,prescription_only,,,52966
Psilocybin,,Major depressive disorder||Cancer-related anxiety||Cancer-related depression||Eating disorders||Headaches||Substance abuse||Alcohol abuse||Opioid abuse||Smoking||Cocaine abuse,depression||anxiety||substance abuse,Psilocybin,capsule||other,,oral||other,other,"adults 25 mg (oral capsule)||adults 1 mg (intravenous)||adults 10-20 mg (oral, equivalent to 1 mg IV)",single dose,,hallucinatory side effects||headache||slight increase in blood pressure,no special condition,,patients using antidepressants,,157229
Esomeprazole,Actipraz 40 Mg Tablet||Nexium,Gastroesophageal reflux disease||Peptic ulcer disease,acid reflux||heartburn||regurgitation||difficulty swallowing||upper abdominal pain||belching||weight loss||vomiting||poor appetite,Esomeprazole,tablet,Invision Medi Sciences Pvt Ltd.,oral,take without food||at fixed time||swallowed with water,adults 40 mg,,proton pump inhibitor; reduces stomach acid by irreversibly binding to ATPase enzyme,,,prescription_only,pregnant women,store at room temperature||keep in a dry place||protect from light,93220
Clomiphene,Androxal,Polycystic ovary syndrome||Infertility,ovulatory dysfunction||irregular menstrual periods||pregnancy failure,Clomiphene,tablet,,oral,at fixed time,,once daily,,,,,patients with cyst on the ovary||patients with fibroid tumor of the uterus||patients with inflamed veins due to blood clots||patients with endometriosis||patients with liver disease||patients with depression||patients with unusual vaginal bleeding||pregnant women,,184749
Milnacipran,Savella,Fibromyalgia,chronic pain||fatigue||morning stiffness||disordered sleep,Milnacipran,tablet,Forest/Cypress,oral,,adults 12.5 mg (Day 1)||adults 12.5 mg twice/d (for 2 days)||adults 25 mg twice/d (for 4 days)||adults 50 mg twice/d (for 7 days)||adults 100 mg twice/d (for 7 days),twice a day,serotonin and norepinephrine reuptake inhibitor,nausea||constipation||hot flushing||dizziness||palpitations||hyperhidrosis||hypertension||vomiting||tachycardia||migraine||dry mouth||headache,no special condition,prescription_only,patients with severe psychiatric illness,,183210
Ketamine Hydrochloride||Ketamine HCL,,anesthesia||depression,loss of consciousness||pain||depression,Ketamine Hydrochloride,injection||solution,Shanghai Chemicals,intramuscular||intravenous,other,,,induces loss of consciousness||produces relaxation to relieve pain,addiction||hallucinogenic effects||dissociative effects||physical health effects||mental health effects,,prescription_only||restricted,,,272889
Omeprazole,Omlek-D,Gastroesophageal reflux disease||Gastric acid-related disorders,heartburn||acid indigestion||chest pain||chest discomfort,Omeprazole||Domperidone,capsule,,oral,,adults 20 mg,,,,,,children under 18 years of age,,459517
Antihistamines,,Allergies||Common Cold||Flu||Sinusitis||Bronchitis,watery eyes||itchy eyes||itchy nose||itchy throat||runny nose||sneezing,Antihistamines,solution||tablet||capsule,,oral,take with or without food,,every 4 to 6 hours as needed,"relieve watery eyes, itchy eyes/nose/throat, runny nose, and sneezing",drowsiness||dizziness||blurred vision||upset stomach||nausea||constipation||dry mouth||dry nose||dry throat||mental/mood changes||confusion||hallucinations||trouble urinating||fast heartbeat||irregular heartbeat||seizure||rash||itching||swelling||severe dizziness||trouble breathing,,,children under 6 years||children under 12 years (for some products)||patients with breathing problems||patients with diabetes||patients with glaucoma||patients with heart problems||patients with high blood pressure||patients with kidney problems||patients with liver disease||patients with seizures||patients with stomach/intestinal problems||patients with overactive thyroid||patients with urination problems||elderly,store at room temperature||keep tightly closed||protect from light||do not freeze liquid forms,475875
Linaclotide,LINZESS®||CONSTELLA®,Irritable Bowel Syndrome with Constipation||Chronic Idiopathic Constipation||Functional Constipation,constipation||abdominal pain,Linaclotide,,"Ironwood Pharmaceuticals, Inc.||AbbVie||Astellas||Astra Zeneca",oral,,children 2-5 years 9 mcg||children 2-5 years 18 mcg||children 2-5 years 36 mcg||children 2-5 years 72 mcg,,guanylate cyclase-C agonist; increases intestinal fluid secretion; accelerates transit; decreases pain-sensing nerve activity,,,,,,172790
Azathioprine,,ANCA-associated vasculitis||granulomatosis with polyangiitis||microscopic polyangiitis||renal limited vasculitis||inflammatory bowel disorders||autoimmune disorders,maintenance therapy after remission||lowering immune system activity,,,,,,,,broken down into 6-thioguanine nucleotides to exert immunosuppressive effects,gastrointestinal complaints||febrile hypersensitivity reaction||rash||toxicity to the bone marrow||reducing the amount of white blood cells||risk for infections||liver toxicity||intolerance,,,,,514564
azithromycin,Zithromax,pneumonia||Mycobacterium avium-intracellulare infection,croup||pneumonia||Mycobacterium avium-intracellulare infection,azithromycin,tablet||solution,,oral,take without food,adults 500 mg||children 12 mg per 2,once daily||twice a day,,abdominal pain||anorexia||diarrhea||nausea||hearing loss||ringing in the ears||severe diarrhea||stomach cramps||yellowing of the skin or eyes,,,children younger than 1||pediatric patients with pneumonia who are judged to be inappropriate for oral therapy,,391208
Esketamine,,treatment-resistant depression,treatment-resistant depression,Esketamine,spray,,nasal,,initial dose 28 mg/kg || maintenance dose 56 mg/kg || maintenance dose 84 mg/kg,,NMDA receptor antagonist,dissociation || fatigue || poor memory || severe headaches || nausea || elevated heart rate || elevated blood pressure,,,individuals with cardiovascular diseases,,345009
Roflumilast,Daliresp,Chronic Obstructive Pulmonary Disease||Bronchitis,Wheezing||Shortness of breath,Roflumilast,tablet,,oral,take with or without food||at fixed time,adults 500mcg||adults 250mcg,once a day||once daily,"PDE4 inhibitor that blocks the action of PDE4, reducing inflammation and relaxing smooth muscle in the airways",Acute renal failure||Acute pancreatitis,,prescription_only,pregnant women (unless clearly needed)||breastfeeding women,,644068
hydrocodone,Biocodone,severe pain,severe pain,hydrocodone,,,,,,,binds to opiate receptors and blocks pain signals,drowsiness||respiratory depression||hypoxia||coma||permanent brain damage,,prescription_only,,,281136
Famotidine,,Gastroesophageal Reflux Disease||Esophagitis||Zollinger-Ellison Syndrome||Multiple Endocrine Adenomas,symptoms of GERD||esophagitis due to GERD including erosive or ulcerative disease||pathological hypersecretory conditions,Famotidine,tablet,"Preferred Pharmaceuticals, Inc.",oral,,adults 20 mg||pediatric patients 0.5 mg/kg/dose or 1 mg/kg/dose,twice a day,competitive inhibitor of histamine H-receptors||inhibition of gastric secretion,agitation,,,patients with moderate or severe renal insufficiency,,301529
Clonidine,KAPVAY,Attention Deficit Hyperactivity Disorder||High Blood Pressure,attention deficit hyperactivity disorder||high blood pressure,clonidine hydrochloride,tablet,,oral,take with or without food,children and adolescents 0.1 mg,twice a day,centrally acting alpha2-adrenergic agonist,,,prescription_only,,,640907
peppermint oil,IBgard,Irritable Bowel Syndrome,abdominal pain||cramping||gas||bloating||diarrhea||constipation||bowel urgency,peppermint oil,capsule,,oral,swallowed with water||before meals||after meals,adults 2 capsules,once or thrice daily,delivers peppermint oil to the small intestine to relax muscles and reduce hypersensitivity,heartburn||burning around the anus||nausea||vomiting||allergic reactions,,over_the_counter,children,,523790
bendamustine,Bendeka||Treanda,Chronic lymphocytic leukemia||Non-Hodgkin lymphoma,chronic lymphocytic leukemia||indolent B-cell non-Hodgkin lymphoma,bendamustine,injection,,intravenous,other,,days 1 and 2 of a 28-day cycle||days 1 and 2 of a 21-day cycle,forms interstrand DNA crosslinks and covalent bonds,black tarry stools||bleeding gums||blood in the urine or stools||diarrhea||constipation||cough||difficulty breathing||headache||loss of appetite||low red and white blood cells||low platelets||mouth ulcers||mouth irritation||nausea||rash||tiredness||swelling of the eyelids||swelling of face||swelling of lips||swelling of hands||swelling of feet||weight loss||infections||kidney damage||liver damage||other cancers||tissue damage||infusion reactions||fever||chills||pruritus||severe allergic reactions||myelosuppression||pneumonia||sepsis||septic shock||hepatitis||tumor lysis syndrome||Stevens-Johnson syndrome||toxic epidermal necrolysis||liver injury||myelodysplastic syndrome||acute myeloid leukemia||fatigue,no special condition,prescription_only,"people with moderate to severe kidney disease||people with AST or ALT values of 2.5 to 10 times the upper limit of normal||people with total bilirubin levels of 1.5 to 3 times the upper limit of normal||pregnant women||people allergic to Bendeka or polyethylene glycol 400, propylene glycol, or monothioglycerol",refrigerate,387113
norethindrone acetate and ethinyl estradiol,Lo Loestrin FE,Pregnancy prevention,prevention of pregnancy,norethindrone acetate||ethinyl estradiol,tablet,,oral,at fixed time,adults 1 mg norethindrone acetate and 10 mcg ethinyl estradiol per tablet,once daily,,swelling of the ankles or feet||cholecystitis||nausea||vomiting||headache||bleeding irregularities||dysmenorrhea||weight fluctuation||breast tenderness||acne||abdominal pain||anxiety||depression||deep vein thrombosis||ovarian vein thrombosis,,,women with current or past breast cancer||pregnant women||nursing infants,,673273
Metformin,,Post transplantation diabetes mellitus||Impaired glucose tolerance||Diabetes Mellitus,impaired glucose tolerance||prevention of diabetes mellitus||management of post transplantation diabetes mellitus,Metformin,tablet,,oral,other,adults 500 mg,twice a day,enhancing glucose metabolism||limiting unwanted weight gain||cardiovascular protection||improving metabolic profile||anti-neoplastic activity,gastrointestinal symptoms||indigestion||abdominal pain||metallic taste,,,diabetes mellitus at the time of transplant||history of antidiabetic therapy||unable to consent||steroid pulse therapy in the 2 weeks prior to OGTT||pregnancy||breast feeding||estimated glomerular filtration rate (eGFR) ≤30 mL/min/1.73 m2||current substance abuse (including alcohol)||any major illness or comorbidity that may result in death within 12 months,,538200
Bupivacaine,,pain||soft tissue anesthesia||pulpal anesthesia,surgical anesthesia||lengthy restorative procedures||postoperative pain management,Bupivacaine,injection,,injection,,,,"Binds to sodium channels in neurons, blocking nerve impulse conduction",self-inflicted injury from biting anesthetized tissue,,,pediatric patients||patients with cognitive impairment or mental disabilities||patients with neuromuscular diseases such as Parkinson's disease or multiple sclerosis,,149861
Diphenhydramine,,Common cold||Flu||Allergies||Sinusitis||Bronchitis,Watery eyes||Itchy eyes||Itchy nose||Itchy throat||Runny nose||Sneezing||Cough,Diphenhydramine||Dextromethorphan||Acetaminophen,solution||suspension||tablet||capsule,,oral,take with or without food||drink plenty of fluids,,every 4 to 6 hours as needed,"Antihistamines help relieve watery eyes, itchy eyes/nose/throat, runny nose, and sneezing.",Drowsiness||Dizziness||Blurred vision||Upset stomach||Nausea||Constipation||Dry mouth||Dry nose||Dry throat||Mental changes||Mood changes||Confusion||Hallucinations||Trouble urinating||Fast heartbeat||Irregular heartbeat||Seizure||Rash||Itching||Swelling||Severe dizziness||Trouble breathing,,,children under 6 years||children under 12 years (for some forms)||patients with breathing problems||patients with diabetes||patients with glaucoma||patients with heart problems||patients with high blood pressure||patients with kidney problems||patients with liver disease||patients with seizures||patients with stomach/intestinal problems||patients with overactive thyroid||patients with urination problems||elderly||pregnant women||nursing women,store at room temperature||keep tightly closed||protect from light||do not freeze liquid forms,475875
Patisiran,,Hereditary Transthyretin-mediated Amyloidosis||hATTR amyloidosis||polyneuropathy,polyneuropathy symptoms||quality of life impairment||day-to-day task impairment,Patisiran,injection,Alnylam Pharmaceuticals,intravenous,,,,targets and silences specific messenger RNA||blocks the production of transthyretin in the liver,,,prescription_only,,,549640
Furosemide,Lasix,Hypertension||Heart Diseases||Kidney Failure||Liver Failure,high blood pressure||fluid retention,Furosemide,tablet,,oral,other,,once or twice a day,"increases excretion of water and salt by the kidneys, reduces blood volume, lowers blood pressure, helps with water retention",dizziness||jaundice||dehydration symptoms||high sugar blood levels||skin allergic reactions||hearing problems,,prescription_only,,,222927
Milnacipran,Savella,Fibromyalgia,chronic pain||fatigue||morning stiffness||disordered sleep,Milnacipran,tablet,"Forest Pharmaceuticals, Inc.",oral,,adults 12.5 mg (Day 1)||adults 12.5 mg twice daily (for 2 days)||adults 25 mg twice daily (for 4 days)||adults 50 mg twice daily (for 7 days)||adults 100 mg twice daily (for 7 days),twice daily,serotonin and norepinephrine reuptake inhibition,nausea||constipation||hot flushing||dizziness||palpitations||hyperhidrosis||hypertension||vomiting||tachycardia||migraine||dry mouth||headache,,prescription_only,patients with severe psychiatric illness,,183210
6-mercaptopurine,,rheumatoid arthritis||renal transplant rejection||inflammatory bowel disease,rheumatoid arthritis||prevention of graft rejection||inflammatory bowel disease,6-mercaptopurine,,,,,,,"Metabolized by TPMT into 6-methylmercaptopurine, by xanthine oxidase into 6-thiouracil, and by hypoxanthine guanine phosphoribosyl-transferase into 6-thioguanine",myelosuppression||hepatotoxicity||megaloblastosis,requires co-administration with other drugs,,,,129818
Minocycline,Arestin,Periodontal disease,periodontal infection||chronic bacterial infection of the gums,Minocycline,powder,,other,,,,sustained-release of minocycline to fight infection,,,,tetracycline allergy||pregnant women||nursing women,,8716
Nortriptyline,Pamelor,Depression,depression symptoms,Nortriptyline,tablet||liquid,,oral,take as prescribed,adults 25 mg || elderly 30-50 mg || adolescents 30-50 mg,3-4 times per day||once daily,,anxiety||blurred vision||confusion||dry mouth||hallucinations||heart attack||heartbeat irregularities||high blood pressure||insomnia||loss of muscle coordination||low blood pressure||numbness or tingling in the hands and feet||sensitivity to sunlight||skin rash||stroke||tremors||weight changes,,,allergy to Pamelor or similar medicines||currently taking or recently taken MAO inhibitors||recent heart attack,,18529
methylphenidate HCl,Concerta,Attention Deficit Hyperactivity Disorder,inattentive ADHD||impulsivity||hyperactive behavior||behavior problems||difficulty paying attention||difficulty staying focused||difficulty organizing tasks||difficulty listening,methylphenidate HCl,capsule,Janssen Pharmaceuticals,oral,swallowed with water||take with or without food||at fixed time,children and adolescents up to 54mg daily||adults up to 72mg daily,once daily,changing the amounts of certain natural substances in the brain,decreased appetite||dry mouth||sleep disruption||dizziness||stomach ache||increased sweating||headache||nausea||anxiety||weight loss||irritability||slowing of growth in children||seizures||priapism||eyesight changes||blurred vision,,prescription_only,"children under 6||patients with allergy or hypersensitivity to methylphenidate HCI||patients with anxiety||patients with glaucoma||patients with tics or history of Tourette’s syndrome||patients taking monoamine oxidase inhibitors (MAOIs)||patients with heart or mental problems||patients with seizures||patients with abnormal brain wave tests||patients with circulation problems||patients with esophagus, stomach or intestine problems||pregnant women||nursing mothers",store at room temperature||store in a secure place out of the reach of children,461870
Tiotropium Bromide,Spiriva,Asthma,severe asthma||chronic symptoms||moist cough||bronchial secretions||fixed airway obstruction,Tiotropium Bromide,spray||other,,inhalation,,children Spiriva Respimat 2.5 ug 1 puff once daily||children Spiriva Respimat 2.5 ug 2 puffs once daily||children Spiriva Handihaler 18 ug 1 puff once daily,once daily,long-acting muscarinic antagonist interfering with muscarinic M3 post-synaptic receptors,xerostomia||constipation||insomnia||headaches,,prescription_only,,,511131
Docosanol,Abreva,Herpes labialis||Herpes simplex,cold sores||fever blisters,Docosanol,cream,Avanir Pharmaceuticals,topical,other,,,inhibits fusion of host cell with viral envelope,,,over_the_counter,,,501370
Pramipexole dihydrochloride,,Parkinson's disease || Restless legs syndrome,Parkinson's disease symptoms || restless legs syndrome,Pramipexole dihydrochloride,,,oral,take with or without food || at fixed time,,once daily || three times daily,dopamine agonist; mimics the effects of dopamine in the brain to allow the patient increased control over his muscle movements,nausea || constipation || diarrhea || weight loss || loss of appetite || dizziness || insomnia || swelling of the extremities || difficult or frequent urination || confusion || abnormal muscle movements || abnormal dreams or thoughts || joint pain || hallucinations || severe changes in mood || memory problems || compulsive behaviors (such as gambling) || increased tremors || chest pain || unusually fast or slow heartbeat || dark or red urine || vision changes || shortness of breath || muscle stiffness,requires specific timing,,pregnant or breastfeeding women,,44177
Indomethacin,Indocin,osteoarthritis||rheumatoid arthritis||gout||ankylosing spondylitis||tendinitis||bursitis,pain||inflammation||stiffness,Indomethacin,,,,,adults 25 milligrams,2 or 3 times a day,,drowsiness||less alert||confusion||psychosis||liver inflammation,,,patients with kidney disease||patients with liver disease||older adults,,306155
Levetiracetam,Keppra,Epilepsy||Alcohol Dependence,Partial-onset seizures||Myoclonic seizures||Primary generalized seizures||Alcohol withdrawal symptoms,Levetiracetam,tablet||solution,,oral,take with or without food,adults 250 mg || adults 500 mg || adults 750 mg || adults 1000 mg,,"Inhibits calcium release in neurons, modulates neuronal firing",Sleepiness||Headaches||Loss of appetite||Reduced energy||Motor coordination issues||Dizziness||Mood swings||Aggressiveness||Hostility||Extreme changes in emotional state||Depression||Agitation||Apathy||Hallucinations||Delusions||Suicidal thoughts||Drowsiness||Infection||Weakness||Diarrhea||Constipation||Heartburn||Dysphagia||Double vision||Vomiting||Decreased appetite||Bruising||Tingling and numbness||Muscle weakness||Confusion||Problems with walking or movement||Skin reactions||Signs of infection||Tremors||Insomnia,,prescription_only,,,410185
Letrozole,Fempro,breast cancer,breast tumors that require estrogen for growth,Letrozole,tablet,Cipla,,,,,preventing the aromatase enzyme from converting androstenedione and testosterone into estrogen,blood clots||flu-like symptoms||angina||heart attack||stroke,,,,,123886
Gemfibrozil,Lopid,Hypertriglyceridemia||Primary dyslipidemia||Cardiovascular disease,Elevated triglycerides||High cholesterol||Primary dyslipidemia,Gemfibrozil,tablet,,oral,before meals||swallowed with water||at fixed time,adults 600 mg,twice a day,Reduces triglyceride production by the liver; inhibits synthesis and increases clearance of apolipoprotein B,,before meals,prescription_only,Allergy to Lopid||Gallbladder disease||Liver disease||Taking Repaglinide||Pregnant women||Nursing women,,308324
Paracetamol,Tylenol Child,Fever||Pain,fever||pain,Paracetamol,tablet||drops||oral suspension||powder,,oral,swallowed with water||chewable||dissolve in water,adults 1-2 tablets 500mg||adults 1 tablet 750mg||children 1 drop/kg (not exceeding 35 drops)||children see weight-based mL dosing,every 4-6 hours||3 to 4 times a day,"blocks prostaglandin action, reducing pain sensation; acts at the temperature regulating center in the CNS, causing body temperature to drop",bronchospasm||anaphylaxis||skin hypersensitivity reactions||skin rash||angioedema||Stevens Johnson syndrome||toxic epidermal necrolysis||thrombocytopenia||urticaria||itchy rash||fixed drug rash||constipation||drowsiness||dizziness||excessive sweating||nausea||redness||increased transaminases||anemia||agranulocytosis||pancytopenia,,over_the_counter,people with liver complications||people with kidney problems||pregnant women (except with medical recommendation)||children under 12 (without medical advice)||people allergic to any components,,371025
Tolterodine,Detrol,Overactive Bladder||Urinary Incontinence,leaking of urine||feelings of needing to urinate right away||frequent trips to the bathroom,Tolterodine,tablet,Pfizer,oral,swallowed with water,adults 1 mg || adults 2 mg,,relaxing the muscles in the bladder,dry mouth||blurred vision||constipation||dizziness||drowsiness||dyspepsia||headache||joint pain||stomach pain||confusion||hallucinations||painful or difficult urination||recurrent urinary tract infection||severe stomach pain||severe constipation||visual changes,,prescription_only,allergic to Tolterodine or Fesoterodine fumarate||untreated or uncontrolled narrow-angle glaucoma||blockage of the urinary tract||blockage of the stomach||blockage of the intestines,store at room temperature||protect from moisture||protect from heat||protect from light||keep in the container it came with||keep away from children,654970
Benzodiazepines,,Generalized Anxiety Disorder||Panic Disorder,anxiety||panic attacks,,tablet,,oral,,geriatric patients 0.25 mg || patients with hepatic impairment 0.25 mg,2 or 3 times daily,CNS depressant||interacts at gamma-aminobutyric acid (GABAA) sites,sedation||respiratory depression||coma||death||withdrawal reactions||seizures||hallucinations||depersonalization||taste alterations||diplopia||elevated bilirubin||elevated hepatic enzymes||jaundice||fatigue||tiredness||dysarthria||mania||hypomania||paranoia||delirium||suicidal thoughts||difficulty breathing,,prescription_only,pediatric patients||pregnant women||breastfeeding women||patients receiving strong CYP3A inhibitors,,236378
,Synvisc,Osteoarthritis,pain||stiffness||discomfort,hylan,injection,Sanofi Genzyme,other,other,,,joint lubrication and pain reduction,Irritation of treated joint||Pain in treated joint||Swelling of treated joint||Heat sensation in treated joint||Fluid buildup in treated joint||Headache||Dizziness||Pounding or fast heartbeat||Difficulty swallowing||Difficulty breathing||Difficulty talking||Hives||Rashes on skin,,,patients who are hypersensitive to animal—specifically avian-based—proteins,,486037
Lansoprazole,,Stomach ulcer||Gastroesophageal reflux disease||Acid reflux,Stomach ulcers||Gastroesophageal reflux disease||Acidity related disorders||Acid reflux||Heartburn||Problems with esophagus,Lansoprazole,capsule,,oral,swallowed with water||take with or without food||at fixed time,15 mg,,Lower the amount of acid produced in your stomach,Irregular heartbeat||Decreased appetite||Severe stomach ache||Nausea||Vomiting||Flu||Muscle or joint pain||Diarrhea||Allergic skin reaction||Bleeding||Headache||Flatulence,,prescription_only,Patients with liver or kidney problem,,331215
diphenhydramine||acrivastine||cetirizine||loratadine||fexofenadine||chlorpheniramine,Benadryl,Allergic rhinitis||Urticaria||Allergic skin reaction||Hay fever||Asthma||Bronchial asthma,Sneezing||Runny nose||Itching||Watery eyes||Nasal congestion||Cough||Rash||Hives,diphenhydramine||acrivastine||cetirizine||loratadine||fexofenadine||chlorpheniramine,tablet||capsule||drop,,oral,take with or without food||swallowed with water,adults 25-50 mg,every 4-6 hours,block histamine receptors||prevent actions of histamine,drowsiness||dizziness||dry mouth||dry throat||confusion||blurred vision||headache||constipation||trouble sleeping,,over_the_counter,children under 6 years||children under 12 years||patients with glaucoma||patients with bronchitis||patients with emphysema||patients with high blood pressure||patients with kidney disease||asthmatics||pregnant women||breastfeeding mothers,store at room temperature,604026
,Adderall,ADHD||attention deficit disorder||narcolepsy||depression||obesity,problems concentrating||weight-loss,amphetamines,,,,,,,helps the body release adrenaline||increases the heart rate||helps redirect blood flow to the muscles||can cause the body to create dopamine rapidly,rise in body temperature||increases in blood pressure||increases in heart rate||decrease in appetite||decrease in sleep||dry mouth||headaches||insomnia||fatigue||depression||problems sleeping||sleeping too much||hostile||paranoid||serious cardiovascular issues||strokes||crankiness||extreme hunger||nightmares||panic attacks||tiredness,,prescription_only,,,230411
,,,,,,,,,,,,,,,,,357001
Levofloxacin,Vivex,Pneumonia||Chronic bronchitis||Prostatitis||Sinusitis||Skin and soft tissue infections,Lung infection||Airway infection||Chronic bronchitis (acute cases)||Pneumonia||Chronic bacterial infection of the prostate||Sinusitis||Skin and soft tissue infections,Levofloxacin hemihydrate,tablet,,oral,swallowed with water||take with or without food,adults sinusitis 500 mg||adults acute exacerbation of chronic bronchitis 250-500 mg||adults skin and soft tissue infections 250-500 mg||adults creatinine clearance 250 mg/24h||adults creatinine clearance 500 mg/24h||adults creatinine clearance 500 mg/12h||adults 50-20 mL/min 125-500 mg/24h||adults 19-10 mL/min 125-500 mg/24h||adults 10 mL/min 125-250 mg/24-48h,once daily||twice daily,kills many types of bacteria,watery stools||fatigue||elevated liver enzymes||reduced white blood cells||increase in certain blood cells||dizziness||headache||drowsiness||vertigo||vomiting||stomach pain||indigestion||impaired renal function||rash||itching||loss of appetite||fungal infections||weakness||liver dysfunction||sleep problems||nervousness||rapid heartbeat||low blood platelets||bronchospasm||inflammation of the intestines||itchy skin rash||tendon pain||low blood pressure||impaired mental status||depression||confusion||anxiety||drastic reduction in white blood cells||nerve damage||disturbance or loss of taste||decreased or loss of smell||visual impairment||hearing impairment||acute renal failure||photosensitivity||lower blood sugar||muscle weakness||psychotic reactions||impaired cardiac function||tinnitus||severe skin reactions with blisters||sweating||muscle damage||pain||disability associated with hypersensitivity||jaundice,no special condition,prescription_only,children||adolescents||pregnant women||breast-feeding women||patients with epilepsy||patients with history of tendon problems with quinolones||patients with glucose-6-phosphate dehydrogenase deficiency||patients with kidney disease,,249015
Ibuprofen,Motrin,Common cold||Flu||Sore throat||Headache||Toothache,fever||pain from teething||pain from cold and cough||pain from immunization||pain from scrapes and sprains||minor aches and pains,Ibuprofen,suspension,,oral,take with food,infants 40 mg per 1 mL,,,"stomach bleeding||allergic reaction (severe itching, hives, swelling of eyes and mouth, skin blisters/rash, difficulty breathing, shock)",take with food,,"children taking ibuprofen or ASA||children allergic to ibuprofen, ASA, salicylates, NSAIDs, or any inactive ingredients||children right before or after heart surgery",store at room temperature,40334
aclidinium,Duaklir Genuair,Chronic Obstructive Pulmonary Disease,breathing difficulties||wheezing||cough||shortness of breath,aclidinium bromide||formoterol fumarate dihydrate,powder,,inhalation,other,adults 400 mcg,twice a day,,headache||dizziness||blurred vision||inflammation or irritation of the nose and throat||muscle pain||cramps||spasms||shaking/tremor||rash||skin itching||distorted sense of taste||decreased levels of potassium||increased blood sugar||muscle weakness||twitching||irregular heartbeat||palpitations||paradoxical bronchospasm||glaucoma||serious allergic reactions,no special condition,prescription_only,patients with asthma||patients allergic to aclidinium bromide||patients allergic to formoterol fumarate||patients allergic to any of the other ingredients,protect from light||use within 60 days of opening,245092
Amlodipine,Norvasc,Coronary artery disease||Hypertension||Angina||Myocardial infarction,High blood pressure||Chest pain||Cardiovascular events,Amlodipine,tablet||suspension,,oral,take with or without food||at fixed time,adults 5 mg||adults 10 mg||children over 6 years 2.5 mg||children over 6 years 5 mg,once daily,Dilates blood vessels and reduces peripheral vascular resistance,Dizziness||Edema||Palpitation||Drowsiness||Nausea||Headache||Fainting||Irregular heartbeat||Rapid heartbeat||Chest pain,no special condition,prescription_only,children under 6 years||breastfeeding women,store at room temperature||keep tightly closed||keep in a dry place||protect from light,356866
Penicillin V,"Penicillin V Potassium Tablets, USP",upper respiratory tract infection||scarlet fever||erysipelas||otitis media||rheumatic fever||chorea||bacterial endocarditis,infection||recurrence prevention||prophylaxis,Penicillin V Potassium,tablet,,oral,take with or without food,125 to 250 mg || 250 to 500 mg,every 6 to 8 hours || every 6 hours,,Clostridium difficile associated diarrhea,no special condition,prescription_only,individuals with histories of significant allergies and/or asthma,"keep tightly closed||store in a tight, light-resistant container||child-resistant closure",135927
Adapalene,,Acne,mild to moderate acne||acne lesions in adult women,Adapalene||Benzoyl Peroxide,gel,"Galderma Laboratories, L.P.",topical,applied once daily at night,,once daily,synthetic retinoid analogue,cutaneous irritation||dryness||erythema||scaling||stinging/burning,,,,,503688
ethambutol,Myambutol||Aethambutolum||Dadibutol||Diambutol||Etambutol||Etambutolo||Ethambutolum||Etibi||Tibutol,Tuberculosis,bacterial infections,ethambutol,tablet,,oral,other,adults 400 mg,,prevents tuberculosis bacteria from reproducing or growing,"allergic reaction||fever||confusion||disorientation||hallucinations||numbness||tingling in hands, feet, legs, or arms||skin rash||changes in vision||green-red color blindness||blurring of vision||headache||mild dizziness||mild nausea||vomiting||diarrhea||abdominal pain||decrease in appetite||joint pain||worsening symptoms in gout",,prescription_only,patients with cataracts||patients with kidney disease||patients with diabetic retinopathy||patients with optic neuritis||pregnant women||nursing women,,36828
empagliflozin,Jardiance,Type 2 Diabetes,,empagliflozin,tablet,Boehringer Ingelheim,oral,take with or without food,adults 10 mg || adults 25 mg,once daily,helps the kidneys excrete sugar from the bloodstream,Diabetic Ketoacidosis||Kidney failure||Urosepsis||Pyelonephritis||Heart Attack||Kidney Stones||Bone Fractures||Bone Abnormalities||Stroke||Testicular Cancer||Urinary Tract Infections||Severe Dehydration||Fluid Imbalance||Abnormal Weight Loss||Hypersensitivity||Blood Infections||Fungal Infections||Yeast Infections,,prescription_only,,,422147
Insulin Lispro,Humalog,Diabetes Mellitus,high blood glucose,Insulin Lispro,injection,,subcutaneous,before meals||after meals,,,preserves glucose in cells||prevents liver glucose release||hinders protein and fat breakdown||controls sugar production and breakdown,tender swollen glands on neck||itching at injection site||swelling at injection site||redness at injection site||hypoglycemia||low potassium (hypokalemia)||allergic reaction||itching skin rash all over body||feeling like one may pass out,requires specific timing,prescription_only,,,125390
Alpha-interferon,PEG-Intron,hepatitis C,hepatitis C,Alpha-interferon,injection,,subcutaneous,,,,,neuropsychiatric disorders||autoimmune disorders||ischemic disorders||infectious disorders||suicide||depression||psychoses||hallucinations||bipolar disorders||mania||bone marrow suppression||cytopenias||aplastic anemia||hypothyroidism||hyperthyroidism||hyperglycemia||diabetes mellitus||cardiovascular events||arrhythmia||tachycardia||cardiomyopathy||angina pectoris||myocardial infarction||dyspnea||pulmonary infiltrates||pneumonia||bronchiolitis obliterans||interstitial pneumonitis||sarcoidosis||ulcerative colitis||hemorrhagic colitis||ischemic colitis||pancreatitis||autoimmune thyroiditis||autoimmune thrombocytopenia||autoimmune rheumatoid arthritis||autoimmune interstitial nephritis||autoimmune systemic lupus erythematosus||autoimmune psoriasis||vision loss||retinopathy||macular edema||retinal artery thrombosis||retinal vein thrombosis||retinal hemorrhages||cotton wool spots||optic neuritis||papilledema||hypersensitivity reactions||urticaria||angioedema||bronchoconstriction||anaphylaxis||rash,,,patients with creatinine clearance <50 mL/min||patients with significant or unstable cardiac disease||patients with autoimmune disorders||patients with preexisting ophthalmologic disorders||pregnant women||nursing mothers||pediatric patients below the age of 18 years,,8489
Alteplase,,Stroke,blood clot in brain,Alteplase,,,,,,,dissolves blood clots,,,,,,476967
,Yasmin,blood clots||heart attacks||cerebral thrombosis,,,,Bayer,,,,,,blood clots,,,,,43859
Ferric citrate,Auryxia,Hyperphosphatemia||Iron deficiency anemia||Chronic kidney disease,control of serum phosphorus levels||treatment of iron deficiency anemia,Ferric citrate,tablet,Akebia Therapeutics,oral,take with food,adults 2 tablets||adults 1 tablet,three times per day,Ferric iron binds dietary phosphate in the GI tract and precipitates as ferric phosphate||Ferric iron is reduced from the ferric to the ferrous form by ferric reductase in the GI tract,,take with food,,,,510006
Bortezomib,,Multiple Myeloma,multiple myeloma,bortezomib,,,,,,,,,,,,,224528
Aspirin||Codeine,Empirin Codeine,Pain,moderate to severe pain,Aspirin||Codeine,tablet,,oral,other,adults 30 mg 1-2 tablets || adults 60 mg 1 tablet,every four hours as needed,,constipation||nausea||vomiting||heartburn||upset stomach||bloating||gas||diarrhea||dizziness||tired feeling||headache||sweating||increased thirst||mild itching||skin rash,,prescription_only,pregnant women||nursing mothers,,551206
dupilumab,Dupixent,Atopic Dermatitis||Asthma||Chronic Rhinosinusitis with Nasal Polyps,eczema||atopic dermatitis||asthma||chronic rhinosinusitis with nasal polyps,dupilumab,solution||injection,Sanofi Egypt,subcutaneous,other,adults and adolescents (12 years and older) initial 400 mg (two 200 mg injections) || adults and adolescents (12 years and older) initial 600 mg (two 300 mg injections) || adults initial 600 mg (two 300 mg injections) || pediatric patients 15 to <30 kg 600 mg (two 300 mg injections) || pediatric patients 30 to <60 kg 400 mg (two 200 mg injections) || pediatric patients 60 kg or more 600 mg (two 300 mg injections),every other week||every 4 weeks,targets interleukin involved in inflammation,eye pain||watery eyes||pain at injection site||swelling at injection site||burning at injection site||irritation at injection site||eye redness||eye itching||puffy eyelids||insomnia||cold sores||fever blisters,,,,,504787
Ursodiol||Ursodeoxycholic,Actigall||URSO,gallstones||primary biliary cirrhosis||cholestatic conditions||colon cancer||liver cancer||prostate cancer||breast cancer,preventing gallstones||primary biliary cirrhosis||cholestatic conditions||chemoprevention of colon cancer in inflammatory bowel disease||apoptosis induction in liver cancer cells||apoptosis induction in colon cancer||apoptosis induction in prostate cancer cells||apoptosis induction in breast cancer cells,Ursodiol||Ursodeoxycholic acid,,,,,,,decreases cholesterol production in liver and absorption in intestines||breaks down cholesterol gallstones||hepatoprotective||increases bile flow||induces apoptosis in cancer cells||modulates EGFR/Raf-1/ERK signaling,,,,,,258369
Prednisolone,,inflammation||autoimmune condition||Lupus,inflammation||autoimmune condition||Lupus,Prednisolone,,,oral,,dogs 0.1-0.3 mg/lb || dogs with autoimmune condition 1-3 mg/lb,twice every 24 hours || thrice daily,inhibits and alleviates inflammatory reaction,diarrhea||vomiting||restlessness||gasping||increased urination||increased thirst||increased hunger||hypertension||weight gain||hypersensitivity||hives||inflammation of face||inflammation of tongue||inflammation of lips||baldness||lethargy||aggressiveness||peptic ulcer||loss of muscle mass||liver disease||kidney disease||infections,,,pregnant dogs||nursing dogs||dogs with diabetes||dogs taking Novocox||dogs taking Metacam||dogs taking Rimadyl||dogs taking NSAIDs,,383449
Regorafenib,Stivarga,Metastatic Colorectal Cancer||Gastrointestinal Stromal Tumour,metastatic colorectal cancer after standard therapies||metastatic or unresectable gastrointestinal stromal tumours after imatinib and sunitinib,Regorafenib,tablet,Bayer Inc.,oral,at fixed time,adults 160 mg,once daily,"oral multi-kinase inhibitor affecting tumour growth, angiogenesis, oncogenesis, and tumour microenvironment",fatigue||hand-foot-skin reaction||diarrhea||anorexia||asthenia||decreased appetite||mucositis||weight loss||infection||hypertension||dysphonia||hepatotoxicity||hemorrhage||gastrointestinal perforation,no special condition,prescription_only,,,398382
Isoniazid,Isokin,Human immunodeficiency virus infection||diabetes mellitus||gastrointestinal disorders||peptic ulcers||tuberculosis||Mycobacteria kansasii infection||Mycobacteria xenopi infection,preventive treatment of bacterial infections,Isoniazid,tablet||injection||syrup,Pfizer Laboratories Limited,oral,take with or without food||swallowed with water,adults 300 mg,once daily,blocking the cell wall synthesis,severe complications,no special condition,prescription_only,pregnant women||elderly people||patients with nephropathy||patients with neuropathy||patients with cardiovascular disorders,,149973
Stavudine,ZERIT,HIV infection||AIDS,HIV infection,Stavudine,capsule||solution,,oral,at fixed time,newborns 0.5 mg/kg/dose || pediatric patients <30 kg 1 mg/kg/dose || pediatric patients ≥30 kg adult dosage || adults ≥60 kg 20 mg || adults <60 kg 15 mg,every 12 hours||every 24 hours,nucleoside reverse transcriptase inhibitor,peripheral neuropathy||headache||diarrhea||rash||nausea||vomiting||abdominal pain||muscle pain||insomnia||loss of appetite||chills||fever||allergic reactions||blood disorders||hyperglycemia||diabetes||pancreatitis||lactic acidosis||hepatotoxicity||redistribution/accumulation of body fat||severe motor weakness,no special condition,prescription_only,patients with pancreatitis||patients with hepatic decompensation||patients with severe peripheral neuropathy||pregnant women (with caution)||patients with history of lactic acidosis,store at room temperature||refrigerate||keep tightly closed||keep in a dry place||protect from excessive moisture,445144
Vinblastine,,mast cell tumor,mast cell tumor,Vinblastine,,,,,dogs 2mg/m²,12 sessions,,dysorexia||anorexia||emesis||diarrhea||leukopenia,,,,,193067
pegylated interferon alfa-2a||interferon alfa-2a,Pegasys||PEG-Intron||Roferon-A,chronic hepatitis C||chronic hepatitis B||T-cell lymphomas||mycosis fungoides||neovascular age-related macular degeneration,,pegylated interferon alfa-2a,,F. Hoffmann-La Roche,,,,,"antiviral and on the immune system||Interferons are proteins released in the body in response to viral infections. Interferons are important for fighting viruses in the body, for regulating reproduction of cells, and for regulating the immune system.",potential harm,,,,,569402
Sulfamethoxazole with Trimethoprim,Septra,,,Sulfamethoxazole||Trimethoprim,,,,,,,,,,,,,88560
Clavulanic Acid,Augmentin,common cold || bronchitis || tonsillitis,infections,Amoxicillin||Clavulanic Acid,tablet || suspension,GlaxoSmithKline,oral,take with food,adults and children 12 years old and older weighing 40 kg or more 1 tablet of 500 mg + 125 mg,three times a day,inactivates beta-lactamase enzymes,,requires co-administration with other drugs,,,refrigerate,142334
Acyclovir,,Herpes simplex||Genital herpes||Shingles||Chicken pox||Cold sores||Epstein-Barr virus infection,Herpes simplex infection||Genital herpes||Shingles||Chicken pox||Cold sores||Epstein-Barr virus infection,Acyclovir,capsule||tablet||suspension||injection||powder||ointment,,oral||intravenous||topical,oral||intravenous||topical,oral 400mg||oral 800mg,three times daily||twice daily,prevents viral DNA production,seizures||hepatitis||agitation||hypersensitivity reaction||muscle pain||anemia,,prescription_only,,,219293
Promethazine,Phenadoz,Motion Sickness||Nausea||Vomiting||Allergic Rhinitis||Urticaria,nasal congestion||itching nose||runny nose||sneezing||itchy eyes||watery eyes||hives||itchy skin rashes,Promethazine,tablet,,oral,take with or without food,,once every 4 to eight hours,,blurred vision||confusion||fatigue||dizziness||drowsiness||dry mouth||seizures||respiratory depression||malignant neuroleptic syndrome,,prescription_only,children under 2 years old||pregnant women,,1110
Tazobactam,,maxillofacial infections,maxillofacial infections,Piperacillin||Tazobactam,powder,,intravenous,other,adults 4 g piperacillin + 0.5 g tazobactam,every 8 hours,beta-lactamase inhibitor,dyspepsia||dizziness||phlebitis,,,"hypersensitivity to beta-lactamics||moderate or serious renal alteration||hepatic alteration||granulocytopenia less than 1,000/mm3||thrombocytopenia less than 50,000/mm3",,473307
Dextromethorphan Hydrobromide||Guaifenesin,Robitussin DM,Cough||Chest Congestion,cough||chest congestion||mucus||phlegm,Dextromethorphan Hydrobromide 10 mg||Guaifenesin 100 mg,solution,,oral,other,adults (12 years and over) 15 mL,every 6-8 hours||maximum 4 doses per day,,,,,"children under 12 years||pregnant women||nursing women||patients with persistent/chronic cough||patients with shortness of breath||patients with chronic lung disease||patients taking MAOI||patients taking SSRI||patients taking medications for depression, psychiatric, or emotional conditions, or Parkinson's disease",,33372
Fluoxetine Hydrochloride,Prozac,Depression||Obsessive-Compulsive Disorder||Panic Disorder||Bulimia Nervosa,depression||obsessive-compulsive symptoms||panic attacks||eating disorder symptoms,Fluoxetine Hydrochloride,,,oral,at fixed time,adults 20 mg,once daily,inhibits neuron's reabsorption of serotonin,weight gain||headache||nausea||insomnia||nervousness||anorgasmia||decrease in libido||impotence||sexual dysfunction||mania||hypomania||tremor||elevated blood pressure||movement disorder||vasculitis||systemic lupus erythematosus||rash,no special condition,,nursing mothers||infants,,482780
,Prochymal,acute graft-vs-host disease,steroid-refractory acute graft-vs-host disease,mesenchymal stem cells,other,,,,,,,,,,,freeze,200021
,,Hypertension||Chronic kidney disease||Severe congestive heart failure||Volume depletion,,,,,,,,,,,,,,,527404
aflibercept,Eylea,Diabetic macular oedema,macular oedema,aflibercept,injection,Bayer,other,,adults 2 mg,,vascular endothelial growth factor inhibitor,,,prescription_only,,,622702
Azelaic acid,Finacea,Rosacea||Acne,papulopustular acne||papulopustular rosacea,Azelaic acid,other,,topical,other,,twice a day,anti-inflammatory properties||attacks acne-causing bacteria||reduces growth of outermost skin cells,itching||burning||pain||dry skin||allergic reaction,no special condition,prescription_only,people allergic to azelaic acid or any other ingredient listed in the gel,,465357
Antiseptic mouthwash,,HCAI,HCAI,,,,,,,,,,,,,,442177
Tobramycin,Tobi Podhaler,Cystic fibrosis,Pseudomonas aeruginosa infection,Tobramycin,solution||capsule,,inhalation,other,two capsules,twice a day,stops bacterial growth,hoarseness||cough||dry mouth||difficulty speaking||change in taste||changes in the voice||hearing damage||dizziness||decrease in urine||coughing up blood||chest tightness||wheezing||skin rash||itching||swelling of hands||swelling of feet||swelling of face||swelling of tongue||trouble breathing||severe dizziness,,,pediatric patients||geriatric patients||pregnant women||nursing mothers||patients with allergy to aminoglycoside antibiotics||patients with breathing problems||patients with kidney problems||patients with myasthenia gravis||patients with Parkinson's disease||patients with hearing or balance problems,,678
Glimepiride,Amaryl||Glador,Type 2 Diabetes Mellitus,high blood sugar,Glimepiride,tablet,Lupin Limited,oral,take with food||swallowed with water,adults 1 mg,once daily,helps your body respond better to insulin produced by your pancreas,Dizziness||Asthenia||Headache||Nausea||severe skin rash||itching||redness||irritation||pale skin||easy bruising||bleeding||fever||unusual weakness||upper stomach pain||low fever||jaundice||vomiting||loss of appetite||restless||irritable||confusion||hallucinations||muscle pain||muscle weakness||seizure||tired feeling||stomach pain||diarrhea||increased skin sensitivity to sunlight,no special condition,prescription_only,patients hypersensitive to glimepiride||patients hypersensitive to other sulfonylureas||patients hypersensitive to other sulfonamides||patients with type I diabetes mellitus||patients with diabetic ketoacidosis||patients with diabetic precoma or coma||pregnant women||nursing women,,203427
Octreotide,,Esophageal varices bleeding||Gastric varices bleeding||Pancreatic complications||Gastrointestinal endocrine tumors||Carcinoid syndrome||VIPoma||Glucagonoma||Gastrinoma||Zollinger-Ellison syndrome||Pancreatic tumors||Growth hormone releasing factor tumor||Acromegaly,Esophageal-gastric varices bleeding||Prevention of pancreatic complications||Symptoms of gastrointestinal endocrine tumors||Carcinoid syndrome||VIPoma||Glucagonoma||Gastrinoma||Zollinger-Ellison syndrome||Pancreatic tumors||Growth hormone releasing factor tumor||Symptoms of acromegaly,Octreotide Acetate,injection,"Beijing Chemeebio Pharma-tech Co., Ltd.",intravenous||subcutaneous,other,Esophageal-gastric varices bleeding 0.025 mg/hour intravenous infusion || Prevention of pancreatic complications 0.1 mg subcutaneous injection || Gastrointestinal pancreatic endocrine tumors 0.05 mg subcutaneous injection || Acromegaly 0.05~0.1 mg subcutaneous injection,continuous infusion||three times a day||once or twice a day||once every 8 hours,,,,,,protect from light||store in a cool place,205115
Rifaximin,Alf Normix,Gastrointestinal infections||Traveler's diarrhea||Small intestinal bacterial overgrowth||Hepatic encephalopathy||Diverticular disease||Chronic intestinal inflammation,Acute gastrointestinal infections||Traveler's diarrhea||Small intestinal bacterial overgrowth||Hepatic encephalopathy||Uncomplicated diverticular disease||Chronic intestinal inflammation||Prevention of infectious complications in colorectal surgery,Rifaximin,tablet,Alfasigma S.p.A./Alfa Wassermann (Italy),oral,,adults and children over 12 years 200 mg each 8 hours up to 400 mg each 8-12 hours || children 6-12 years 200 mg each 8-12 hours up to 400 mg each 12 hours || adults and children over 12 years (prevention) 400 mg each 12 hours || children 6-12 years (prevention) 200-400 mg each 12 hours || adults and children over 12 years (hyperammonemia) 400 mg each 8 hours || children 6-12 years (hyperammonemia) 200-300 mg each 8 hours,every 8 hours||every 8-12 hours||every 12 hours,"Irreversibly binds to the beta subunit of bacterial DNA-dependent RNA polymerase, inhibiting RNA and protein synthesis, resulting in bactericidal activity",dizziness||headache||nausea||vomiting||abdominal pain||diarrhea||flatulence||loss of appetite||urticarial skin rash||allergic dermatitis,no special condition,,individuals with hypersensitivity to any component of the drug or other rifamycin antibiotics||patients with intestinal obstruction||patients with ulcerative colitis,,489250
Metronidazole,Flagyl,Inflammation of the large intestine||Giardia infection||Bacterial infections,Diarrhea||Intestinal inflammation||Parasites,Metronidazole,,,oral||topical,,,,Destroys and prevents the creation of DNA in the infecting organisms||Inhibits repair enzymes in the cells that exist in anaerobic environments,Gagging||Regurgitation||Paralysis in all four legs||Hives||Rash||Rapid heartbeat||Difficulty breathing||Irregular heartbeat||Abnormally slow heartbeat,,prescription_only,Pregnant females||Young puppies||Pets with unspecified conditions,,658631
Acitretin,Soriatane,Psoriasis,plaque psoriasis || guttate psoriasis || pustular psoriasis || erythrodermic psoriasis || palmoplantar psoriasis,Acitretin,capsule,,oral,take with food,adults 10 mg || adults 25 mg,once a day,"controls the multiplication of cells, including the speed at which skin cells grow and shed",hair loss || chapped lips || dry mouth || dry skin || dry eyes || bleeding gums || nose bleeds || increased sensitivity to sunlight || peeling fingertips || nail changes || changes in blood fat levels || depression || aggressive thoughts || thoughts of self-harm || headache || joint pain || decreased night vision || elevated liver enzymes,,prescription_only,pregnant women || women planning to become pregnant || breastfeeding women || patients with severe liver disease || patients with severe kidney disease || patients with high triglycerides || patients allergic to retinoids,,39628
,,,,,,,,,,,,,,,,,80393
Nebivolol,,Hypertension,high blood pressure,Nebivolol,tablet,"Ascend Laboratories, LLC",oral,take with or without food,most patients 5 mg || patients with severe renal impairment 2.5 mg || patients with moderate hepatic impairment 2.5 mg,once daily,"β-adrenergic receptor blocking; preferentially β1 selective at ≤10 mg; decreases heart rate, decreases myocardial contractility, diminishes sympathetic outflow, suppresses renin activity, vasodilation",headache||fatigue||bradycardia||diarrhea||nausea||chest pain||peripheral edema||dizziness||insomnia||dyspnea||rash||asthenia||abdominal pain||hypercholesterolemia||paraesthesia,no special condition,prescription_only,patients with severe bradycardia||heart block greater than first degree||patients with cardiogenic shock||decompensated cardiac failure||sick sinus syndrome (unless a permanent pacemaker is in place)||patients with severe hepatic impairment (Child-Pugh greater than B)||hypersensitive to any component of this product||children under 18,store at room temperature||keep tightly closed||protect from light,88704
Grapefruit Seed Extract,,Diabetes||Heart Disease||Urinary Tract Infections||Gastric Ulcers||Candida Infection||Dengue Fever,infections||digestive problems||microbial contamination||weight loss||oral health||skin disorders||inflammation||oxidative stress,polyphenols||flavonoids||citric acid||Vitamin C||Vitamin E||naringin||naringenin||hesperidin,capsule||tablet||powder||solution,,oral,other,,,antioxidant activity||antimicrobial activity||improves insulin sensitivity||reduces inflammation||protects cells from oxidative stress,depletes healthy gut bacteria,,unclassified,pregnant women||breastfeeding women||children,,408059
Mycophenolate mofetil,Cell Cept,Tumor||Liver transplant,Organ rejection prevention||Tumor growth inhibition,Mycophenolate mofetil,capsule||tablet||injection,,oral||intravenous,,250 mg capsule||500 mg tablet||500 mg intravenous,,Suppresses T cells and B cells in the lymphatic system,Lymphoma||Skin cancer||Dizziness||Headache||Trembling||Chest pain||Edema||Hypertension||Constipation||Diarrhea||Vomiting||Hemorrhage,other,,Women using oral contraceptives,,87524
Gabapentin,Neurontin®||Lyrica®,Partial onset seizures,partial onset seizures,Gabapentin,,,,,adults and children 1 year and older [dose not specified],,,,,,,,117088
5-fluorouracil,,cancer,,5-fluorouracil,,,,,,,damages oligodendrocytes and dividing precursor cells in the central nervous system,long-term brain damage||healthy brain cells die off,,,,,158188
tadalafil,Cialis,erectile dysfunction||benign prostatic hyperplasia||pulmonary arterial hypertension,erectile dysfunction||benign prostatic hyperplasia symptoms||pulmonary arterial hypertension,tadalafil,tablet,,oral,,adults 5 mg || adults 10 mg || adults 20 mg,once daily||not more than once per day||not more than once in every 48 hours,"improves blood circulation in penile vessels, supporting erection",headache||back pain||muscle aches||pain in arms and legs||facial flushing||nasal congestion||indigestion||dizziness,requires stimulation,prescription_only,patients taking nitrate containing medicines for cardiac insufficiency||patients with heart failure II stage||angina||complex forms of arrhythmias||resistant hypertension||states associated with a drop in blood pressure,,523775
Flibanserin,Fliban,Hypoactive Sexual Desire Disorder,low sexual desire||female libido disorder,Flibanserin,tablet,Centurion Remedies Ltd.,oral,at fixed time,adults 100 mg,once daily,"post-synaptic 5HT1A receptor agonist and 5HT2A receptor antagonist; regulates dopamine, norepinephrine, and serotonin",dizziness||somnolence||nausea||fatigue||insomnia||dry mouth||anxiety||constipation||abdominal pain||metrorrhagia||rash||sedation||vertigo,requires specific timing,,men||postmenopausal women||children||patients with hepatic impairment||patients using alcohol||patients using moderate or strong CYP3A4 inhibitors||patients with hypersensitivity to Flibanserin or any inactive ingredient,store at room temperature||protect from light||keep in a dry place,97675
Glutathione,,,,Glutathione,solution,,intravenous,,,,,,,,,,534541
Warfarin,,Pulmonary thromboembolism,pulmonary thromboembolism,,,,,other,,,,major bleeding||minor bleeding,other,,,,120687
Diazepam,Valium,Alcohol withdrawal||Anxiety disorders||Muscle spasms||Stiffness||Seizures||Panic attacks||Vertigo||Insomnia,Alcohol withdrawal symptoms||Anxiety||Muscle spasms||Stiffness||Seizures||Panic attacks||Agitation||Vertigo||Opiate withdrawal||Benzodiazepine withdrawal||Sedation||Insomnia,Diazepam,tablet||solution||spray,,oral||nasal,take with or without food,,,Enhancing the activity of specific neurotransmitters of the brain,Dizziness||Drowsiness||Blurred vision||Tiredness||Unsteadiness||Loss of coordination||Hallucinations||Agitation||Restlessness||Memory problems||Confusion||Depression||Fever||Chills||Sore throat||Shallow breathing,no special condition,,Allergic to Valium or other benzodiazepines||Pregnant women||Nursing mothers||Older adults,,285863
Mupirocin,Bactroban,impetigo||folliculitis||furunculosis||ecthyma||infected eczema||infected injuries||minor wounds||minor burns,"skin infections||prevention of bacterial infection of small wounds, cuts and other skin lesions||local infections of the nasal cavity",Mupirocin,cream||ointment,,topical||nasal,other,,up to three times a day,inhibits protein synthesis in the bacterial cell due to the oppression of isoleucine transport RNA (ribonucleic acid) - synthetase,skin itching||burning||eczema||erythema||allergic reactions||nausea||pain in the stomach||headache,no special condition,,people with individual intolerance of the active or additional elements of the drug||children younger than two months (ointment)||children under one year (cream)||people of old age (cautiously)||people with severe kidney dysfunction (cautiously),store at room temperature||avoid freezing||store below 25C or 77F,242987
Clarithromycin,Biaxin,Conjunctivitis||Pneumonia||Urogenital infections||Listeriosis||Bronchitis||Tonsillitis||Pharyngitis||Skin infections||Subcutaneous tissue infections||Leprosy||Helicobacter pylori infection||Lyme disease,Conjunctivitis||Pneumonia||Urogenital infection||Listeriosis||Bronchitis||Tonsillitis||Pharyngitis||Skin infection||Subcutaneous tissue infection||Helicobacter pylori eradication||Leprosy||Lyme disease,Clarithromycin,tablet||granule,,oral,take with or without food||take with food,adults 250-500mg||children 15mg/kg daily,twice a day,inhibits bacterial protein synthesis,dizziness||vertigo||confusion||disorientation,,,"patients allergic to Clarithromycin or other macrolide antibiotics||patients using Ergotamine, Dihydroergotamine, or other ergot alkaloids||patients using Terfenadine or Astemizole||patients using Cisapride||patients using statins (Lovastatin, Atorvastatin, Simvastatin, Rosuvastatin, Fluvastatin)||patients with hypokalaemia||patients with impaired liver function||patients with kidney damage||patients with cardiac problems",,317871